date	osaka	hiroshima	fukuoka	tokushima	tokyo	sapporo	nagoya	kanazawa	ishimaki	asahikawa	naha	showa
1900/1	3	2.8	3.7	4	1.6	-7.6	2.2	1.1	-2.3	-11.1	16.3
1900/2	3.9	3.6	4.9	4.7	3.1	-7.4	3.7	2.2	-0.9	-11.2	16.8
1900/3	6.7	6.6	8.2	7.5	5.7	-3	6.4	5	2.5	-5.3	17.8
1900/4	13.5	12.8	13.4	13.8	11.4	4.9	13.3	11.1	8	2.9	21.7
1900/5	18.6	17.3	17.6	18.4	17.3	10.7	18.3	16.4	13.6	10.8	22.6
1900/6	21.6	20.8	20.7	21.2	19.3	14.5	21	19.1	16.2	14.6	25
1900/7	24.9	24	24.5	24.6	22.8	17.2	24.5	22.5	19.6	17.4	28.1
1900/8	27.7	27.3	26.8	27.1	26.1	20.9	26.9	26.2	23.3	20.6	28.1
1900/9	24	23.8	23.3	23.8	22.6	16.1	23.8	21.8	20.3	14.8	26.8
1900/10	17.2	16.8	16.8	17.7	16.5	10	16.7	15.6	14.4	8.2	24.5
1900/11	12	11.3	12	12.8	11	3.8	11.7	10.6	8.2	2.1	21.5
1900/12	6	5.9	7	7	5.5	-3.5	5.6	5	2.1	-7.3	17.9
1901/1	5.6	6.1	7.5	6.8	4.1	-5.4	4.8	4.2	0.9	-11	17.9
1901/2	3.1	2.3	3.4	3.8	3.7	-5.3	2.5	1.7	0.5	-8.3	12.3
1901/3	6.9	6.5	7.1	7.4	7.3	-1.5	6.9	5	3.1	-4.1	16.4
1901/4	14.4	13.3	13.9	14.2	13.4	6.9	14.3	11.9	10.1	5.1	20.6
1901/5	17.4	16.2	16.2	17.3	16.1	11.5	17.1	15.2	13.4	11.2	22.8
1901/6	21.8	21	20.8	21.6	20.6	14	21.6	19.8	17.6	14.1	25.5
1901/7	24.5	23.5	23.2	23.8	22.1	18.2	24.2	22.3	20	18.6	28.4
1901/8	27.3	26.4	26.3	26.5	25.1	20.8	26.6	25.4	23.2	20.4	27.4
1901/9	23.1	22.1	21.7	22.9	22.3	15.9	23.1	21.5	20.1	14.1	26.3
1901/10	18.4	18	17.9	18.8	16.8	9.6	18.3	16.6	14.5	7.5	24.4
1901/11	10.9	10.4	10.5	11.9	10.2	3.1	10.1	9.5	7.8	1	20.1
1901/12	5.3	5.1	5.7	6.4	4.5	-4.8	4.6	4.4	1.7	-6.1	17.2
1902/1	3.3	3.9	5.2	4.6	2.4	-7.5	2.8	1.9	-0.9	-11.7	16.1
1902/2	3.9	4.2	5.1	4.6	3.8	-6.4	3.8	2.2	0.4	-10.4	14.5
1902/3	9.1	9.1	10	9.8	8.4	-0.6	8.9	7.3	4.5	-3.4	18.3
1902/4	12	11.5	12.4	12.8	11.6	4.3	11.7	10.1	7.8	2.4	21.2
1902/5	17.5	16.9	17.4	17.6	16.3	9.2	17	16	12.7	8.8	23.9
1902/6	21.3	20.8	20.5	21.2	19.8	13.1	20.9	19.2	16.8	13.3	25.4
1902/7	24.2	23.9	24.6	24.2	21.8	16.4	23.8	21.9	18.9	16.7	27.5
1902/8	25.7	25.1	24.9	25.4	22.9	17.9	25.1	23.8	20	17.9	28
1902/9	23.3	22.3	21.5	22.7	22.6	17.3	23.1	22	20.2	16.1	25.5
1902/10	16.9	16.4	16.2	17.3	16.6	10.1	16.6	15.2	14	8.2	23
1902/11	12.7	12.8	13.4	13.7	11.5	3.9	12.2	11	8.9	1.7	21.4
1902/12	8.6	8.4	9.5	9.6	7.1	-0.3	7.9	6.9	5.1	-3.3	17.7
1903/1	5.4	5	6.1	6.3	4.6	-2.7	4.8	4.4	2.5	-5.8	15.8
1903/2	4.9	4.9	6	5.7	4.1	-4.7	4.5	3.5	1.8	-6.9	15.3
1903/3	9.8	9.3	9.9	10	7.7	1.1	9.7	7.5	5	-0.8	19.6
1903/4	14.4	13.6	13.4	14.4	12.7	7.5	14.2	12.6	10.2	6.9	21.5
1903/5	16.6	16.3	16.8	17.1	15.9	9.8	16.6	14.6	12.6	9.6	22.8
1903/6	21.3	21	20.6	21.3	19.7	13.8	20.6	19.3	16.7	14.3	25.4
1903/7	24.1	23.6	24.3	23.9	23.2	17.9	24	22.6	20.3	18.1	27.8
1903/8	27.9	26.9	27.2	27.4	25.7	19.2	27.2	25.2	22.2	18.8	28
1903/9	24.7	23.7	23.8	24.4	22.3	17	24.3	22.8	20.3	16	26.7
1903/10	17.1	16.7	16.7	17.5	15.2	8.7	16.9	15.1	13.5	7	24.6
1903/11	10.2	10.2	10.8	11.4	9.1	1.9	9.8	9	7.5	0.1	19.9
1903/12	5.1	4.6	5.8	6.1	4.1	-5.1	4.3	3.7	1	-7.1	16
1904/1	3.2	3.1	4.1	4.3	1.9	-7.6	2.2	0.9	-1.7	-13.3	14.9
1904/2	5.3	5.1	5.8	6.2	4.3	-3.8	5.2	3.7	1.3	-6.5	15.8
1904/3	7.3	7.3	8.2	7.9	6.1	-0.9	7.3	5.1	2.9	-3	17.8
1904/4	14.6	13.6	14.2	14.9	13.2	6.1	14.6	12.4	9.1	4.4	21.5
1904/5	17.2	16.6	16.6	17.5	15.7	10.8	17	15.2	12.5	10.7	23.1
1904/6	22.5	21.6	21.7	22.3	21.8	16.5	22.4	21.2	18.6	17	26.4
1904/7	26.6	26.2	26	26.4	24.8	19.4	26.5	24.7	21	19.7	27.6
1904/8	27.4	26.7	26.7	26.8	25.1	22	26.8	25.6	22.8	21.7	27.2
1904/9	22.3	22.1	21.5	22.6	21.2	15.2	22	20.4	18.9	13.8	26
1904/10	16.6	16.5	16	17.5	16.4	9.5	16.3	15.3	13.7	7.8	23.6
1904/11	9.2	9.1	10.3	10.5	9.1	1.5	8.7	8.4	6.8	0.2	19.3
1904/12	6.6	6.8	7.8	7.8	5.3	-2.3	6.1	5.6	3.1	-5.6	16.8
1905/1	5.9	5.8	7.4	7	4.3	-3.3	5.2	4.7	2.2	-6.4	17.3
1905/2	3.7	3.6	4.5	4.5	2.7	-7.1	3.3	1.5	-1.1	-11	15.4
1905/3	7.4	7.6	8.5	8	5.6	-2.2	7.4	5.5	2.7	-4.7	17.9
1905/4	12.3	11.9	12	12.9	10.9	2.9	12.4	9.9	6.7	1.3	20.3
1905/5	17.8	17.2	17.7	18.1	16.9	11.2	17.5	15.9	13.3	10.5	24
1905/6	22	21.3	20.9	21.9	20.8	15.1	21.9	20	17	15.9	26.5
1905/7	26.5	25.7	25.7	26.2	23.3	18.6	25.7	24.3	19.9	19.5	28.1
1905/8	25.2	24.5	24.8	25.1	22.2	18.7	24.5	23	19.3	18.1	27.8
1905/9	23.3	22.7	22.8	23.3	21.9	16	22.8	21.4	19	14.9	26.7
1905/10	17.4	17	16.8	18.1	16.2	10	17	15.7	14.6	7.7	24.5
1905/11	11.5	11.5	11.8	12.4	10.3	3	11.2	9.9	7.2	0.9	20.9
1905/12	8.4	8.5	9.6	9.6	6.8	-2.1	7.6	6.5	4.1	-4.4	19.3
1906/1	3.1	3.5	4.7	4.4	2.2	-7.1	2.3	1.2	-1.9	-11	16.3
1906/2	4.2	4.1	5	4.9	2.6	-6.8	4.2	1.6	-1.4	-10.4	17.3
1906/3	7.7	7.3	8	8.4	7.3	-1.2	7.6	6	3.8	-4.1	16.9
1906/4	13	12.4	12.8	13.5	12.9	5.2	12.9	10.9	8.9	3.5	20.6
1906/5	17.6	17.3	17.7	17.8	16.3	11.1	17.4	15.6	12.7	10.7	24.7
1906/6	20.9	21	20.6	21.1	18.4	12.9	20.5	19.1	15.2	13.6	27.4
1906/7	25.8	25.4	24.8	25.3	23.5	20	25.3	23.8	20.5	21.1	28.7
1906/8	27.1	26.4	26.4	26.7	24.5	19.9	26.6	24.6	21.6	19.9	28.7
1906/9	21.9	22.1	22.4	22.5	19.7	14.9	21.3	19.8	18	13.3	28
1906/10	16.6	16.6	16.5	17.5	15.1	9.3	16.3	15.2	13.1	7	24.6
1906/11	9.9	10.6	11	11.2	9.3	-0.1	9.7	8.4	6	-2.7	20.3
1906/12	6.3	5.8	6.8	7.1	5.9	-2.4	5.7	5.8	3.6	-3.9	17.4
1907/1	5.3	5.3	6.1	6.2	4	-5.4	4.9	3.6	0.5	-10.3	16.7
1907/2	2.8	2.9	3.4	3.6	2.9	-6.1	2.6	1.5	-0.8	-9.5	15.5
1907/3	6.9	7.1	7.7	7.7	5.6	-2.3	7.1	4.7	3	-4.7	18
1907/4	13.2	13	12.6	13.6	12.4	5.8	13	10.8	8.4	4.1	20.6
1907/5	17.3	17.4	17.4	17.7	17.1	10.6	17.2	15.9	13.5	10.4	21.5
1907/6	20.7	20.6	20.1	20.6	19.2	13.5	20.3	19.1	16.4	14.5	24.6
1907/7	25.3	24.7	24.5	24.6	22.7	18.1	24.6	24.1	19.3	18.8	27.2
1907/8	27	26.9	26.1	26.5	25.8	23.3	26.3	25.9	24.3	23.1	27.6
1907/9	22.6	22.4	21.6	22.8	21.3	15.9	22.5	20.7	19.2	14.6	26.6
1907/10	16.8	16.9	16.5	17.7	15.2	8.4	16.5	15	13.1	6.5	24.7
1907/11	12.4	11.9	12.1	13.3	11.2	2.4	11.8	10.8	8	0.3	21.7
1907/12	5.5	5.3	5.9	6.6	4.5	-5.2	4.5	4.1	1.2	-7.6	17.3
1908/1	4.7	5.2	6.2	5.9	3.2	-8.5	3.8	3.1	-1.4	-12.8	16.9
1908/2	4.1	4.3	4.5	5.3	3.4	-6.4	3.5	2	-1.1	-9.1	15.6
1908/3	7.4	7.5	8.2	7.9	6.2	-3	7	5.3	2.1	-5.7	17.2
1908/4	13.3	13.4	12.7	13.9	12.3	5	13.4	10.6	8.4	3.8	21.1
1908/5	17.3	17.3	16.9	17.5	16.1	9.2	16.8	14.9	13	8.9	22.1
1908/6	22.1	21.6	21.7	22	20.9	13.5	21.7	19.6	17.1	14.1	25.6
1908/7	24.7	24.4	24.6	24.5	22.1	17.4	24.2	22.6	19.4	17.8	28.5
1908/8	26.7	26.3	26.3	26	25.4	22	26	25.2	23.7	22.2	27
1908/9	21.6	21.7	21.5	21.9	19.4	15.3	20.7	20	17.6	13.6	26.5
1908/10	17.1	17.1	16.4	18	16.1	9.2	16.9	15.2	13.3	7.1	23.8
1908/11	9.8	9.6	10.6	11.1	9.1	0.6	9	8.8	5.7	-1.5	19.5
1908/12	6.6	6.9	7.7	8.2	4.6	-4.4	5.5	5.6	2.1	-6.5	18.5
1909/1	4	4.5	5.3	5.3	2.1	-9.4	3.6	2.2	-2.2	-14.1	17
1909/2	3.4	3.5	4.2	4.4	3.1	-5.9	2.9	1.7	-0.9	-8.8	16.7
1909/3	6.6	6.4	6.9	7.3	6.3	-3.6	6.7	4.3	1.5	-6.2	18.1
1909/4	13.7	13.2	13.3	14	13.6	6.4	13.5	11.4	10.3	5.3	20
1909/5	17.5	16.9	16.8	17.4	16.9	11	17.4	15.3	13.6	10.8	21.2
1909/6	21.3	21.5	21.4	21.6	20.2	15.2	21	19.6	17.5	16.2	27.5
1909/7	26.2	25.8	25.5	25.7	24.3	19	26.1	24.1	22.5	19.5	28.4
1909/8	27.6	27.4	26.1	26.8	25.2	20.8	26.9	25.8	23.1	20.2	27.6
1909/9	23.8	23.7	23.6	23.9	21.8	16	23.2	21.4	20.1	14.6	27
1909/10	15.6	16	15.8	16.6	14.8	8.1	15	14.1	12.3	6.2	24.6
1909/11	10.9	11.3	12	12.2	10	3.5	10.3	10.2	8.1	1.3	21
1909/12	5.5	5.5	6.2	7	4.6	-4.2	5	4.2	0.8	-7.2	17.2
1910/1	5.7	5.8	6.2	6.9	4.2	-4.9	5.4	4.5	1.3	-7.4	16.6
1910/2	3.2	3.1	3.8	4.5	2.9	-5.7	2.8	1.1	-0.6	-7.9	15.1
1910/3	6	6.5	7.5	7.2	6.1	-2.1	5.9	3.7	2	-5	17.9
1910/4	12.3	12.5	12	12.9	12.3	5.5	12.5	10.3	8.7	4.5	20.4
1910/5	18	17.6	17.2	18	16.8	10.6	17.4	15.1	13.6	10.6	23.8
1910/6	22.1	21.6	22	21.8	20.7	15.2	22	20.5	18.4	16.3	27.6
1910/7	26.3	25.7	25.9	25.9	23	18.8	25.5	23.7	20.9	19.4	28.9
1910/8	26.1	26.2	25.8	26.1	24.1	20.6	25.6	24.2	22.5	20.1	27.4
1910/9	22.4	22.4	22	22.4	20.9	15.1	22.2	20.4	19.1	13.7	27.1
1910/10	16.8	16.9	15.4	17.2	16.1	10.2	16.7	15.4	14.4	7.8	23.5
1910/11	11.6	10.9	10.8	12.3	10.4	2.8	10.5	9.7	7.8	1	20.5
1910/12	5.9	4.9	5.3	6.2	4.3	-6.5	4.5	3.9	0.1	-9.6	16.9
1911/1	4.2	4.5	4.9	4.9	2.5	-6.4	3.6	2.2	-1.1	-11.3	16
1911/2	5.2	5.4	5.2	6	5.2	-5.4	4.8	3.4	0.9	-9.2	16.9
1911/3	8.5	8.7	9	9.1	8.2	-0.9	8.5	6	4.2	-3.6	18.9
1911/4	12.8	12.8	12.4	13.5	13.8	5.2	13.2	10.4	10.1	3.5	20.5
1911/5	16.9	17.2	17.1	17.3	16.2	11.3	17.1	15.4	14.3	10.9	23.8
1911/6	21.5	21.3	21.4	21.6	20.8	15.7	21.9	19.8	18.9	16.1	27.6
1911/7	25.7	25.5	25.5	25.6	24.5	18.6	26.3	24.2	21.9	19.5	27.5
1911/8	26.6	26.8	26.2	26.2	25.6	19.7	26.1	24.9	23	19.3	27.7
1911/9	24.5	24.6	24	24.4	22.6	17.2	23.8	22.7	20.5	15.5	26.9
1911/10	16.7	16.2	15.9	17	15.8	10.2	16.1	14.9	13.9	8	23.2
1911/11	12.9	12	12.1	13.4	12.8	5.5	12	11.3	9.7	3.4	20.7
1911/12	6.6	5.9	6.3	7.4	5	-3.4	5.4	4.8	1.7	-5.4	18.7
1912/1	4.5	3.9	4.4	4.8	3	-5.7	2.8	2.2	0.1	-8.1	15.9
1912/2	7.2	7.2	7.4	7.6	6.2	-3.8	6.4	6	2.6	-7.2	16.8
1912/3	8.1	8.5	8.9	8.8	8.1	-1.7	8.1	6.2	3.7	-4.1	19.4
1912/4	13.4	13.3	13.6	13.9	13	4.8	12.9	11.7	9.1	2.5	21.7
1912/5	17.4	17.2	17.1	17.6	16.7	9.7	17.6	15.1	12.5	9.3	23
1912/6	21.5	21.7	21	21.7	20.1	14.9	21.7	19.3	17	15.6	25.6
1912/7	25.2	24.8	25.1	25.3	24.3	18	25	23.4	20.5	18.1	28.1
1912/8	27.2	26.7	26.2	26.9	25.2	20.8	27	25.5	22.6	20.2	28.4
1912/9	22.1	21.8	20.9	22.2	20.2	14.4	21.9	20.2	17.9	12.6	26.9
1912/10	17	16.2	15.2	17.3	15.9	8.9	16.4	15.2	13.1	7	23.8
1912/11	10.7	9.7	9.8	11.1	9.4	0.3	9.9	9.1	5.9	-1.9	20.7
1912/12	6.8	6.1	6.6	7.6	4.7	-5.5	5.4	5.4	1.1	-8.6	18.7
1913/1	3.9	3.7	4.5	4.5	1.9	-8.7	2.5	2.2	-1	-13.5	16.3
1913/2	4.8	4.1	4.8	5.3	4.5	-5.4	4	2.7	0.7	-8.1	16.5
1913/3	6.3	6.5	6.9	6.9	6.2	-2.6	5.8	4.5	2.1	-4.6	17
1913/4	14.3	14.4	14.4	14.9	13.6	5.7	14.5	11.9	9.8	4.1	22.5
1913/5	16.7	16.8	16.3	17.3	16.1	9.4	16.5	14.7	12.2	9.4	23.5
1913/6	21.4	21.1	21.1	21.8	20.3	12.8	21.3	19.3	16.1	14	27.3
1913/7	25	24.3	24.5	25.3	23.3	16.9	25.5	22.4	19.2	17.9	28.2
1913/8	26.1	25.7	25.1	26.5	23.8	18.4	25.9	23.5	20.9	18.5	28.5
1913/9	21.3	21.1	20.5	21.9	20	13.9	20.5	19.2	17.8	12.3	27.2
1913/10	17.1	16.8	16.1	17.6	15.6	9.2	16.5	15.4	12.9	7.7	24.1
1913/11	11.2	10.9	11	12.1	10	2.3	10.5	10	7.2	0.4	20.9
1913/12	6.8	5.7	6.7	7	5.2	-3.5	5.4	5.4	2.9	-7.1	17.2
1914/1	5.1	4	5.4	5.5	4.3	-3.3	3.9	4.3	2.4	-5.9	15.5
1914/2	5.2	5.4	5.9	5.7	3.5	-4.5	4.7	3.3	1	-8.5	16.5
1914/3	9.8	9.6	10.3	10.5	8.8	1.2	9.3	8.1	5.5	-1.6	19.6
1914/4	11.8	12	12.7	12.6	11.8	4.8	12	9.8	7.9	3.5	20.2
1914/5	18.2	17.8	17.6	18.7	17.8	12.5	18.2	16.7	14.2	12.6	24.1
1914/6	22	21.2	21.4	22	21.5	14.8	22.4	20.5	18.2	15.5	27
1914/7	28	27.7	28	27.9	25.5	18.5	27.8	25.5	21.9	19	28.5
1914/8	28.3	27.6	26.7	27.7	26.4	20.3	27.6	26.2	23.5	19.7	28
1914/9	24.7	24.1	22.8	24.2	22.5	16.9	23.7	22.7	20.5	15.7	26.3
1914/10	17.1	16.8	16.2	17.9	16.1	9.5	16.1	15.4	13.4	7.6	23.5
1914/11	13.4	12.3	12.2	13.8	11.9	5.2	12.4	12.4	9.9	3.2	21.2
1914/12	7.7	6.9	7.7	7.9	5.8	-3.8	5.6	5.8	2.8	-5.4	18.3
1915/1	4.6	4.3	5	5.4	3.3	-6.9	3.3	3.2	-0.7	-10	16
1915/2	5.3	4.7	5.6	5.9	4.1	-4.4	4.6	3.2	0.7	-7.8	17.6
1915/3	6.8	6.6	7.2	7.3	6.6	-2.2	6	4.9	2.8	-5.1	16.8
1915/4	13.1	12.9	13.1	13.5	11.6	4	12.8	10.8	8	2.1	22.2
1915/5	17.3	17	16.4	17.8	15.9	8.2	17.1	14.9	11.4	7.4	21.9
1915/6	22.8	22.1	22	22.6	21.9	16.1	23.3	21.9	18.6	17.1	27.1
1915/7	26.4	26.1	26.2	26.4	24.2	17.9	26.3	24.3	20.7	18.3	28.1
1915/8	27.4	27	26.4	27	25.7	21.3	26.7	25.5	23.3	21.1	28.1
1915/9	24.9	24	22.4	24.4	22.7	17.5	24.1	22.6	20.4	16.1	27
1915/10	19.5	19	18.2	19.9	17.6	11	18.7	17.4	15.8	8.9	25.4
1915/11	13	12.4	12.9	14	11.1	3.6	12.2	11.6	8.5	1.6	22.7
1915/12	7.2	6.9	7.9	7.8	5.6	-1.1	5.8	6.9	3.7	-3.1	18.4
1916/1	6.7	5.9	7	7.4	5.1	-3.8	5.3	5	2	-6.4	17.2
1916/2	5.8	5	5.4	6.4	4.1	-4.3	5.1	3.4	1	-6.9	16.9
1916/3	6.2	6	6.4	6.7	5.8	-3.1	5.5	3.9	2.1	-4.6	16.3
1916/4	13.1	13.4	13.6	14.1	12.7	4.1	13.1	10.9	7.6	2.5	21.4
1916/5	18.3	18.1	17.2	18.7	16.9	9.7	17.9	15.6	13.1	9.7	24.6
1916/6	24	23.4	23.5	23.9	22.7	16.7	23.5	22.9	18.9	18.4	27.4
1916/7	26.6	25.4	25.6	26.1	23.9	20.1	25.7	24	21.1	21.3	29.1
1916/8	27.7	27.1	26.5	27.3	25	22.9	26.9	26.2	23.8	23.2	27.8
1916/9	25.4	24.5	24.4	24.8	23.7	16.7	24.4	22.9	20.8	15.2	27
1916/10	17.8	17.9	17.4	18.5	15.8	10.2	17.1	16.3	14.2	8.2	24.6
1916/11	13.5	13.1	12.9	14.2	11.3	4.4	12.7	11.7	8.5	2.1	21.9
1916/12	7.9	6.8	7.2	8.3	6.8	-2.9	6.9	6.9	3.4	-5.6	18.4
1917/1	3.3	1.9	2.7	3.3	2.3	-6.6	1.6	1.2	0.3	-10.1	13.4
1917/2	4.3	3.7	4	4.6	4.5	-5.1	3.4	2	0.9	-9.7	14.1
1917/3	7	6.6	7	7.7	6.5	-1.8	6.4	4.5	3.5	-4.9	16.7
1917/4	12.8	12.7	12.5	13.1	12.7	4.9	12.9	10.9	9	3.4	19.8
1917/5	16.5	16	16	16.7	15.8	9.8	16.1	14.4	12.3	9.3	21
1917/6	21.2	21.1	21.1	21.5	19.6	14.6	21.2	19.1	16.5	15.4	27
1917/7	27.4	26.8	26.6	27.1	25.7	19.6	27.3	25.5	22.2	20	28
1917/8	26.6	26	25.9	26.3	25	21.4	26.2	25	22.6	21	28.6
1917/9	24.3	23.9	24	24.4	22	16.5	23.6	22.6	20	14.9	27.1
1917/10	18.2	17.1	17	18.3	16.8	11.1	17.5	16.2	15.1	8.9	24.4
1917/11	9.6	8.7	9.3	10.1	8.7	1.9	8.1	7.7	5.9	0.1	19.8
1917/12	5.2	3.6	4.4	4.9	4	-0.8	3.1	3.5	2.1	-4.1	15.7
1918/1	2.8	2.1	2.2	3.2	1.6	-6	1	0.5	-1	-10.1	12.9
1918/2	4.2	4.4	4.8	4.8	3.6	-4.8	3.6	2.1	0.5	-7.9	15.2
1918/3	7.3	7.2	7.7	8.1	6.7	-0.8	7	4.4	3.1	-2.9	17.3
1918/4	13.2	12.6	12.8	13.6	11.7	5.2	12.8	10.9	7.4	3.6	20.7
1918/5	17.1	16.5	16.4	17.4	16.7	11	16.6	15.5	13.3	10.4	22.6
1918/6	21.2	20.9	21.2	21.4	20.1	15.2	21.1	19.9	16.9	15.5	27.3
1918/7	26.9	25.7	25.4	26.1	26	19.9	26.9	25.7	22.3	20.1	28.1
1918/8	26.9	26.3	25.5	26.2	26.1	21.4	26.6	25.2	23.9	20.9	27.6
1918/9	23	22	21.5	22.7	22.6	17.9	22.6	21.1	20.5	16.8	25.9
1918/10	17.6	17	16.6	18	16	9.8	16.7	15.8	14.1	8.2	24.4
1918/11	11.3	10.4	11.2	12	10.4	2.7	10.2	9.7	7.6	0.4	21.1
1918/12	6.4	6.2	7.2	7.1	3.9	-4.3	4.8	4.5	0.6	-7	19.3
1919/1	4.5	4.3	5	4.8	2.8	-7	3.2	2.2	-1.7	-10.4	17.2
1919/2	4.9	5	5.7	5.5	3.7	-4.9	4.6	3.2	0.8	-8.9	16.1
1919/3	8.5	8.7	9.9	9	8.3	-1.1	8.5	6.8	4.4	-4.7	19.9
1919/4	13.9	13.3	13.4	14.5	13.4	4.9	13.7	11.4	8.4	2.2	21.1
1919/5	17.8	17.6	17.5	18.2	16.2	10.2	17.6	15.8	12.2	9.7	23.1
1919/6	21.7	22	22.3	22.2	19.8	14.2	21.7	20	16.7	15	28.4
1919/7	25.4	25.4	25.3	25.4	23.6	20.5	24.8	23.7	21.2	21.1	28.5
1919/8	26.8	26.5	25.7	26.5	25	19.9	26.1	25	22.4	19.5	27.8
1919/9	23	22.6	21.4	23.1	22.7	17.3	22.5	21.2	20.8	16.3	25.5
1919/10	17.9	17.1	15.8	18.2	16.4	10.9	16.9	16.3	14.8	9.4	23.3
1919/11	12.8	11.8	11.4	13.1	11.4	4.8	12.3	11	9	2.6	20.9
1919/12	6.8	5.6	6	7.2	5.3	-2.3	5.5	4.7	2.3	-4.8	17.4
1920/1	4.8	4	4.6	4.9	4.1	-2	3.6	3.2	2.1	-6.1	15.2
1920/2	4.3	4.3	4.8	5	2.6	-6.3	3.3	1.7	-0.8	-10.6	16.7
1920/3	8	8.1	8.4	8.3	6.6	-0.2	7.7	5.7	3.5	-3	18.1
1920/4	13.4	13.4	12.5	13.8	12.6	6.4	13.1	10.9	8.9	5.1	21.2
1920/5	17.3	17.4	15.5	17.7	16.8	11.1	18	14.8	13	11.4	22.6
1920/6	22.3	21.7	20.9	22.3	20.3	16.4	22.3	20.2	17.1	17.5	26.9
1920/7	27.2	26.6	26.7	26.6	26.1	21.3	26.9	26	23.5	21.9	28.2
1920/8	26.8	26.4	25.9	26.1	25.7	22.5	26.1	25.5	23.9	22.1	28
1920/9	23.7	23.5	23.4	23.8	21.4	15.7	22.6	21.6	19.5	14.2	26.9
1920/10	17.8	17.3	16.2	18.1	16.4	9.5	16.9	15.5	14.3	7.5	23.6
1920/11	13.1	13.1	13.6	13.9	12	4.6	12	11.8	8.7	2.8	21.3
1920/12	7.4	6.7	7.6	7.9	5.2	-4.1	5.8	5.1	1.8	-7.5	18.2
1921/1	5.4	4.7	5.8	6.1	4	-6.1	4.1	3.5	0.7	-9.1	16.4
1921/2	5.1	4.8	5.6	5.6	3.5	-5	3.4	2	0.5	-9.4	15.9
1921/3	6.7	6.6	7.4	7.4	6.2	-1.7	5.6	4.2	1.8	-4.3	17.6
1921/4	13.8	13.5	13.9	14.5	13.8	6.8	13.6	12.2	10.5	5.8	21.7
1921/5	17.7	17.5	16.6	18.1	16.4	9.9	17.6	15	13.4	10.1	23.5
1921/6	19.9	19.9	20	19.8	18.8	14.5	19.6	18.4	16.8	14.8	26.5
1921/7	25.8	25	25.4	25.5	24.3	20.4	25.5	24	22.2	21.2	27.6
1921/8	27.7	27.6	26.9	27.3	25.3	21.2	26.9	25.9	24.1	20.5	28
1921/9	22.7	22.5	21.5	22.6	21.3	17	22.2	20.9	19.8	15.5	26.1
1921/10	17.4	16.6	15.5	17.5	15.4	9.8	16.4	15.2	13.6	7.9	22.7
1921/11	10.1	9.4	9.8	10.6	9.3	2.2	8.2	8.8	6.2	-0.3	19.6
1921/12	6.8	5.8	6.2	7.4	5	-3	5.4	4.8	1.7	-5.5	17.7
1922/1	2.9	2.3	2.9	3.1	0.6	-10.2	1.4	0.3	-3.5	-16.3	16.2
1922/2	7.4	6.9	7.3	8	7	-2.2	7.2	4.9	3	-5.5	16.8
1922/3	7	6.9	7.6	7.8	6.6	-2.5	6.4	5	2.6	-4.6	18.1
1922/4	13.9	13.6	13.7	14	13.3	6.4	13.4	12	9.9	4.5	20.5
1922/5	18.6	18.4	18	18.9	16.8	9.9	17.9	16	12.7	9.5	23.7
1922/6	22.8	22.1	22.2	22.8	21.7	15.5	22.7	21.1	18.5	16.5	26.2
1922/7	26.7	25.5	25.8	26	25	19.9	26.1	25.5	22.6	20.7	27.9
1922/8	29.1	28.4	28.1	28.4	27.3	21.2	28.4	27.2	25.9	20.4	27.3
1922/9	25.4	24	23.5	24.8	23.4	16.8	24.6	23.3	20.8	15	26.7
1922/10	17.9	17.2	16.9	18.1	16.8	11.3	16.9	16.2	15.2	9.2	23.7
1922/11	12.3	10.6	10.7	12.2	10.8	3.4	11.1	10.3	8.4	1.2	20.1
1922/12	6.2	5.3	5.9	6.6	4	-3.5	3.9	3.7	1.8	-6.9	16.3
1923/1	3.1	2.8	4.5	3.7	1.7	-7.1	1.1	1.4	-1.8	-9.2
1923/2	4.9	4.4	4.7	5.1	3	-5.8	3.6	2.4	-0.7	-11.6
1923/3	9	9	9.8	10.1	7.9	-0.3	8.3	6.9	3.4	-2.3
1923/4	12.9	12.8	13.1	13.7	12	4.7	12.7	10.9	7.3	3.3
1923/5	18.8	18.5	18.3	19	16.8	10.7	17.6	16.5	13.3	11
1923/6	21.4	20.9	21.1	21.8	20.4	14.4	21	19.7	16.5	15
1923/7	25.6	24.7	25	25.4	24	18.8	25	23.3	20.4	19.4
1923/8	29	28.4	27.7	28.6	27.2	21	27.8	27.3	24.3	20.1	28.1
1923/9	24.3	23.5	22.9	23.7	23.4	17	23.3	22.4	21.1	15.6	26.9
1923/10	17.9	16.6	16.3	17.9	16.8	10.3	16.3	15.6	14.1	8.6	24.1
1923/11	12.6	11.2	11.6	12.6	12	3.7	11.2	10.8	8.6	1.6	21.1
1923/12	7.8	6.6	6.9	7.8	5.6	-2.4	5.6	5.7	2.1	-3.9	17.8
1924/1	4.4	4.5	5.1	5.1	2.7	-6.3	2.8	2.8	0	-10.9	16.6
1924/2	5.1	4.8	5.4	5.4	4.5	-5.7	3.9	2.5	0	-7.7	16.3
1924/3	5.3	5.3	5.9	5.9	5	-4.3	4.4	3	0.7	-8.1	16.7
1924/4	14.2	13.9	13.6	14.8	14.7	6.6	14.1	12.4	10.7	5.4	21.3
1924/5	17	16.8	17	17.6	16.9	9.5	16.3	15	13.3	8.7	23.3
1924/6	21.5	21.1	20.4	21.6	19.4	14.9	21	19.3	15.5	15.8	25
1924/7	27.6	26.9	27.2	27.2	26.1	22.7	26.7	26.3	23.5	23.1	26.9
1924/8	27.9	27.6	26.5	27.4	26.2	22.2	26.6	26.5	24.4	21.4	26.7
1924/9	23.2	22.6	21.7	23.1	21.8	16.7	21.9	20.8	19.8	15.5	25.5
1924/10	17.1	17.2	16.6	17.5	15.4	9.3	15.8	14.9	12.5	7.9	24.4
1924/11	10.3	9.5	10	10.7	9.9	4	8.6	9.1	7.5	2.3	18.9
1924/12	6.3	5.8	6.1	6.9	5.2	-3.8	4.8	4.7	1.9	-6.9	16.7
1925/1	4.2	4	4.4	4.7	2.9	-5.4	2.5	2.2	-0.5	-8.3	15.9
1925/2	3.4	3.3	3.7	4	2.4	-5.5	2.3	0.9	-0.8	-9.4	14.8
1925/3	6.7	6.9	7.6	7.7	6.2	-3.6	5.2	4.2	1.7	-6.3	16.4
1925/4	11.6	12	11.8	12.4	11.9	5	11.4	9.9	8.1	3.3	18.4
1925/5	17.6	17.5	17.4	18.3	16.1	10.6	17	16	12.5	10.8	23.3
1925/6	21.8	21.6	21.6	22.1	20.1	17	20.9	20.1	17.5	18.3	26.2
1925/7	25.3	25.6	25.5	25.1	23.2	18.8	24	23.3	20.1	19.4	27.5
1925/8	27	27.1	26.7	26.6	25.7	22.6	25.4	25.8	24.3	22.4	27.3
1925/9	24	23.5	22.5	23.8	22.9	17.7	22.5	22.1	20.7	16.4	25.9
1925/10	17.5	17.1	16	18	16.3	10.7	16.3	15.5	14.2	9.2	22.4
1925/11	12.8	12.3	12.8	13.3	11.4	3.9	11.2	11.5	8.8	1.6	20.3
1925/12	7.4	5.6	6.9	7.4	6.8	-1.4	5.9	6.8	4.5	-3.3	16.4
1926/1	4.1	3.8	4.5	4.3	3.1	-6.2	2	2.3	-0.6	-9.7	15.2
1926/2	4.8	4.8	5.5	5.5	4.6	-3.6	3.8	3.2	1.2	-6.3	15.9
1926/3	6.6	6.8	7.6	7.1	6.3	-1.1	5.6	5	3.2	-2.8	16.9
1926/4	11.7	11.5	12	12.3	11.1	3.3	10.9	9.9	6.8	1.5	19.3
1926/5	17.2	17.4	17.3	17.8	16.3	10	17	16.2	12.4	9.8	22.5
1926/6	20.7	20.6	20.2	20.8	19	14.5	20.3	19.1	15.5	14.9	24.1
1926/7	25.2	25.4	26.2	25.3	24.6	18.9	24.7	24.2	21.2	19.3	28.1
1926/8	28.3	28	27.9	28.3	26.3	19.9	27.1	25.6	22.8	19.3	28.4
1926/9	25	24.1	23.6	25	23.2	17.1	23.4	22	20.4	15.7	27.3
1926/10	16.2	15.3	15.7	16.7	15	7.8	14.7	13.9	12	6.3	23.2
1926/11	10.7	10.3	10.9	11.5	9.8	2.8	9.4	9.2	6.8	0.6	20.3
1926/12	5.6	4.6	5.5	6	4.1	-2.9	3.5	3.9	1.6	-5.8	17
1927/1	4.2	3.6	4.5	4.8	2.7	-5.8	2.4	2.1	-0.9	-8.7	16.1
1927/2	3.4	3.3	4.2	4.1	2.1	-7.5	1.9	0.4	-1.9	-11.9	16
1927/3	7	6.9	7.8	7.8	6.3	-1.5	6.2	3.6	2.4	-4.1	17.2
1927/4	13.1	12.8	12.3	13.5	13.5	7	13.2	10.8	8.6	5.7	19.7
1927/5	17.2	16.6	16.4	17.5	17.1	10	16.4	15.1	13.1	10	22.1
1927/6	21.7	21.2	21	21.7	20.5	14.7	20.8	20.1	16.8	15.4	24.6
1927/7	27.2	26.8	27	27.2	26	21	26.7	25.4	22.8	22.1	27.7
1927/8	27.2	26.3	26.4	26.5	26.6	22	26	25.4	24.3	21.7	28.2
1927/9	22.5	22	21.1	22.4	21.2	16.2	21.3	20.3	18.4	14.8	26.5
1927/10	17.5	17.1	16	17.8	16.7	11	16	15.4	14.2	9.3	23.6
1927/11	12.9	12	12.1	12.9	11.2	4.7	10.8	10.7	8.3	2	20.4
1927/12	7.6	6.8	7.9	8.1	5.5	-2.9	5.5	5.4	1.8	-4.4	18
1928/1	4.9	4.1	5.2	5.4	3.6	-5.2	3	2.5	0	-9	16.7
1928/2	4.1	4.1	5.2	4.5	3.3	-6.4	2.8	1.9	-0.4	-9.2	15.9
1928/3	7.5	7.6	8	8.3	6.9	-0.4	6.7	5.5	2.9	-2.4	17.7
1928/4	13.4	13.5	13.2	13.7	12.5	5.7	12.9	11	8.5	4.6	19.8
1928/5	19	18.7	18.2	19.3	17.8	11.6	18.6	17.3	13.4	11.8	23
1928/6	21.5	21.2	21.5	21.8	20.3	14.7	20.7	19.7	16.6	15.6	24.8
1928/7	26.4	26.1	25.6	25.9	23.4	20.5	25.1	25	20.7	21.6	27.8
1928/8	26.3	26.7	25.5	26.1	24.1	22.7	25.3	25.1	22.6	22.8	27.3
1928/9	25.1	24.5	23.8	24.7	23.9	18.5	23.6	23.4	22.1	17.5	26.8
1928/10	17.8	17.4	16.7	17.9	16.7	11.1	16.6	15.9	14.3	9.5	23.6
1928/11	12.7	11.6	12	13.1	11.7	4.4	11.2	11	8.7	2.4	20.7
1928/12	6.5	6.1	7	7.3	5.4	-3.8	4.9	4.7	0.8	-6	18
1929/1	3.5	3.3	4.2	4.3	2.6	-7	1.2	1.4	-1.7	-10.2	16.1
1929/2	3.7	3.4	4	4.3	2.9	-6.2	2	0.8	-0.8	-9.9	15.7
1929/3	7.1	7.6	8.7	7.4	7.1	-1.7	6.2	4.9	2.7	-3.4	16.9
1929/4	12.9	12.3	12.7	12.6	12.6	3.7	12.6	10.7	8	2.9	20
1929/5	17	17.5	17	17.1	15.9	10.1	16.2	14.7	12.4	10.9	22.4
1929/6	22.2	22.1	22	21.8	20.6	14.3	21.3	21	16.3	15	25.8
1929/7	27.1	26.3	26.4	26.3	25.9	21.4	26.4	25.7	22.8	22.2	27.4
1929/8	28.3	27.5	27.2	26.8	27.1	21.3	26.7	26.4	24.9	20.5	27.6
1929/9	22.6	22.4	21.7	22	20.5	15.6	21.1	20.6	18.8	14.3	26
1929/10	17.6	16.8	16	17.2	16.5	11.2	16.6	16	14.3	9.1	23.2
1929/11	11.8	10.4	10.3	11.7	11	3.2	10.2	10.4	8.2	0.9	19.8
1929/12	9.6	8.7	9.2	9.5	8.6	-1.6	8.3	7.5	4.3	-4.2	19
1930/1	4.2	3.7	4.2	4.5	3.8	-7.2	3	2.3	-1.1	-10	17
1930/2	6	6	7.1	6.3	5.4	-4.1	4.5	3.7	1.8	-8.6	17.2
1930/3	9.1	9	9.8	9.4	8.8	0.5	8.7	7	5.5	-1.4	18.5
1930/4	14.3	14.2	14.8	14.2	14	5.7	13.9	12.3	9.2	4.5	22.1
1930/5	18.3	18.2	18	18.2	17.7	10.9	17.3	16.2	14.1	10.8	23.9
1930/6	22.4	21.9	22.3	22.2	21.4	15	21.6	20.3	17.9	15.1	26.2
1930/7	28	28	28.1	27.3	26.3	20.2	26.6	26	22.3	20.9	27.7
1930/8	28.5	27.8	26.7	27.1	26.8	22.2	27	27.1	24.7	21.4	27.5
1930/9	22.8	22.1	21.6	22	21.5	17.3	21.6	20.9	19.3	16	26.3
1930/10	17.6	16.9	16	17.3	16.7	10.8	16.5	15.7	13.9	8.6	23.8
1930/11	11.1	9.4	10.3	10.8	10.3	3	8.9	9	7.1	0.7	20
1930/12	7.3	6.8	7.6	7.3	5.2	-4.3	5.5	5.3	2.1	-6.7	18.6
1931/1	4.8	4.4	6.1	4.8	2.9	-7.7	2.8	2.4	-1.1	-11.8	17.1
1931/2	4.6	4.5	5.3	4.8	2.5	-7.9	3.4	1.6	-2	-11.1	18.4
1931/3	7.9	8.1	9.3	8.3	7.9	-0.4	7.2	6	3.6	-3.1	18.2
1931/4	12.6	12.2	12.7	12.7	12.4	4.3	11.4	9.7	7.5	2.8	20.6
1931/5	17.2	16.9	16.7	17	16.3	9.2	16.5	15.1	12.3	8.8	23
1931/6	22.4	21.8	21.5	21.6	20.4	13.4	21.1	20.1	16.4	14.3	25.1
1931/7	24	23.7	24.1	23.7	21.8	16	23	21.5	18.8	16	28.4
1931/8	27.8	27.3	27.3	26.5	26.4	21.3	26.3	26.2	23.3	21.6	28.2
1931/9	24.3	22.9	22.8	23.5	22.5	17.1	22.9	21.5	19.8	15.8	27.1
1931/10	16.7	15.9	15.8	16.4	16.3	10.4	15.7	15	13.6	8.6	24.2
1931/11	12.9	12.4	12.7	13	11.5	4.2	11.7	11.1	8.4	1.8	22
1931/12	7.8	7.1	8.2	8.1	6.9	-2.6	5.8	6.1	3.4	-4.2	18.1
1932/1	6.3	5.5	6.7	6.4	5.9	-2.5	5	4.9	2.5	-5.4	16.2
1932/2	4.6	3.8	5	4.6	4.3	-5.6	3	2.4	0.7	-9.9	15.2
1932/3	7.1	6.5	7.3	7.2	6.9	-1.2	6	4.6	3	-3	15.6
1932/4	12	11.2	12.3	12	12.3	5.4	11.4	10.2	8.7	3.9	19.4
1932/5	18.2	17.3	17.3	18.1	18	11.5	17.4	16.5	13.8	11.4	24.5
1932/6	21.8	21.5	21	21.3	19.8	15.9	20.7	19.8	16.5	16.8	25.6
1932/7	27.2	26.6	26.9	26.1	25.7	18.5	26.2	24.5	21.9	18.3	28.1
1932/8	27.4	27.2	26.5	26.2	26.7	19.8	26.2	26.1	23.3	18.9	27.1
1932/9	22.9	22.4	20.8	22.2	21.8	16.3	22	21	19.6	14.7	25.9
1932/10	16.5	15.5	14.8	16.1	16.5	11.3	15.1	14.9	13.7	9.9	23.1
1932/11	12	10.9	11.4	11.9	10.9	5.2	10.2	10	8.8	3.3	20.1
1932/12	7.3	6.6	7.9	7.5	6	-1.6	5.6	5.9	3.3	-5.3	18
1933/1	4.5	2.9	4	4.4	3.2	-6.8	2.5	1.7	-1.4	-10.2	15.7
1933/2	4.1	3.6	4.3	4.4	3.6	-7.2	2.8	1.4	-1.2	-10.3	16.6
1933/3	6.4	6.4	7.2	6.6	5.8	-3.6	5.4	3.6	1.3	-5.4	17.2
1933/4	13.2	12.7	13	13.4	12.3	4.3	12.7	10.8	8.4	3.1	20.8
1933/5	19.2	18.5	18.4	18.5	18.1	11.5	18.5	17.4	13.5	12.2	23.3
1933/6	23.3	22.9	22.9	22.7	21.9	15.2	22.4	21.6	17.8	16.2	26.4
1933/7	28.2	27.6	27.1	26.9	26.6	22.4	26.8	26.5	23.9	22.9	27.4
1933/8	27.5	27.2	26.6	26.3	27.5	22.8	26.7	26.4	25.1	22.7	27.6
1933/9	23.3	23.2	22.5	23.1	23.1	16.6	22.4	21.5	19.9	15.3	26.5
1933/10	16.9	16.4	16.2	17.1	16.8	9.2	16.1	15.2	13.3	7.6	23.9
1933/11	11.8	11.1	12	12.3	11.2	3.7	10.5	10.5	7.8	1.7	20.7
1933/12	6.8	6.5	8.2	7.7	6.2	-2.1	5.5	4.9	2.7	-4.4	17.9
1934/1	2.2	1.7	2.7	2.7	2.5	-4.9	1	1.1	-1	-8.3	14.3
1934/2	3.6	4.2	4.6	4.6	4	-4.9	2.7	1.8	-0.2	-7.9	14.9
1934/3	6.8	6.9	7.4	7	6.1	-1.6	5.6	3.9	2.1	-3.4	16.1
1934/4	12.3	12.1	12.4	12.2	11.5	4.9	11.6	9.5	7.1	3.4	20
1934/5	18.6	18.3	18.1	17.8	17.8	10.9	17.6	16.5	13.6	11.2	22.4
1934/6	22.7	22.4	22.5	21.8	22	16.7	21.8	20.7	18.7	17.2	26
1934/7	27.8	27.5	27.2	26.3	23.9	17.7	26.1	23.8	19.7	17.6	28.1
1934/8	27.9	27.6	27	26.5	26.1	19.6	26.5	24.9	22	19.2	27.7
1934/9	23.2	22.4	21.6	22.7	21.6	16	21.9	21	18.9	14.9	27.1
1934/10	15.6	15.7	15.1	16.1	14.6	9.3	14.9	14.2	12.2	7.2	23.8
1934/11	10.4	10	10.5	11	10.8	3.6	9.2	9.4	7.3	1.5	20.5
1934/12	7	7.4	8.1	8.2	5.9	-2.6	6	5.9	2.1	-4.6	18.7
1935/1	4.4	4	5.2	5.1	3.7	-5.4	3.3	2.9	-0.4	-9.4	15.8
1935/2	5.4	4.9	6	6	4.8	-2.1	4.4	3.7	1.6	-5	16.8
1935/3	7.8	7.7	9.3	8.2	7.1	-0.3	6.7	5.9	3.4	-1.5	18.1
1935/4	13	12.2	12.9	13.1	12.5	5.5	12.7	11.4	8.1	4	20.7
1935/5	18.3	16.9	17.7	18	16.7	10.4	17.3	16.3	12.2	10.5	23
1935/6	22.2	20.4	21.5	21.2	21.5	14.9	21.4	20.6	17	14.9	24.9
1935/7	26.3	25.5	26.2	25	24.3	19.2	25.2	24.4	20.8	19.6	27.3
1935/8	26.5	26.2	26.5	25.8	24.8	19.3	25.3	24.7	21.8	18.7	27.8
1935/9	22.2	21.4	21.5	22.1	20.8	16	21.5	21	18.4	15.2	25.9
1935/10	17.5	16.5	16.7	17.6	17.1	12.1	16.3	15.9	15.1	10.9	23.7
1935/11	11.9	11.3	12.1	12.7	10.7	3.5	10.9	10.5	7.5	2	21.4
1935/12	6.4	5.5	6.3	7	5.5	-4.2	5.1	5.3	1.3	-6.1	18
1936/1	2.2	1.3	2.4	2.5	2	-6	0.6	0.5	-2.7	-9.5	14.7
1936/2	2.6	2.3	3.4	3.4	2.5	-4.3	1	0.8	-1.2	-7.3	15.3
1936/3	5.4	4.5	5.5	5.6	6.1	-1.4	4.8	2.7	1.9	-3	15.5
1936/4	12.5	11.3	12.6	12.5	12	4.5	11.6	10.1	7.4	3.8	20.5
1936/5	17.4	16.1	16.6	16.9	16.4	10.2	16.7	15.5	12.8	10.1	23
1936/6	22.7	21	22.3	21.5	21.4	16.2	21.8	21	17.1	17.1	26.4
1936/7	25.7	24.1	25.4	24.9	24.9	19	25	24.2	21.8	19.6	28
1936/8	27.6	25.2	26.2	26.2	26.5	20.5	26.7	25.1	23	20.4	27.8
1936/9	24.7	23.2	23.3	23.6	24.2	17.5	23.9	22.8	21.5	16.6	26.7
1936/10	17	16.1	16.6	16.7	16	10.4	15.8	15.5	13.7	9.3	23.7
1936/11	11.4	10.3	11.1	11.9	11.2	3.5	10.2	10.2	8.4	1.6	21
1936/12	8.2	7.6	8.4	8.8	6.2	-1.5	6.7	6.1	3	-3.2	18.4
1937/1	4.8	4.9	5.8	5.9	4.6	-5.4	3.7	3.4	-0.2	-8	17.2
1937/2	6.9	6.3	7.6	6.8	5.7	-3.5	6	4.3	1.7	-5.9	17.2
1937/3	8.5	8	8.7	8.6	8.1	-1.7	7.4	6	3.1	-2.9	18.3
1937/4	13.5	13.2	13.8	13.4	12.8	5.1	12.8	10.9	7.9	4.3	21.3
1937/5	18.2	17	17.8	17.8	17.6	9.7	17.6	15.7	13	9.5	23.7
1937/6	21.3	20.2	21.4	20.6	19.6	14.7	20.1	19.7	16.9	15	25.5
1937/7	27.3	25.6	26.5	25.7	26.3	22.1	25.9	25.5	22.6	22.7	27.7
1937/8	28.7	27.3	27.3	27.2	28.2	21.7	27.5	27.1	24.9	21.1	26.6
1937/9	23.2	22.4	22.8	22.8	22.7	16.3	22.4	21.7	19.2	14.9	26.5
1937/10	17.6	16.8	16.8	17.7	16.3	9.9	16.4	15.6	13	8.6	24.3
1937/11	12.2	11.8	12.7	13.1	11.2	2.9	11.1	10.8	8.2	1.1	22
1937/12	5.8	5.2	6.6	6.4	5.2	-4.9	3.9	4	0.8	-7.3	17.9
1938/1	3.4	3	3.7	3.8	2.7	-5.9	1.8	1.4	-0.9	-9.9	16.3
1938/2	3.5	3.2	4.4	4.2	3.4	-5	2.3	0.9	-0.4	-8.4	15.1
1938/3	9.7	8.9	9.4	9.8	8.8	0	9	7	4.4	-2.3	17.7
1938/4	13.7	12.6	13.7	13.2	13.2	6.6	12.7	11.8	9.4	4.9	20
1938/5	19.1	17.9	19	18.2	18.7	12.4	18.3	17.5	14.3	12.3	24.3
1938/6	22.5	21.1	21.5	21.9	20.8	15.3	21.6	20	17.1	15.6	27.3
1938/7	26.4	25.3	25.8	25.6	25	19.9	25.8	24.2	20.9	21.3	27.8
1938/8	26.8	25.9	26.4	25.5	26	23.5	25.6	26.2	24.6	23.9	27.1
1938/9	23	21.7	21.3	22.5	22.4	16.8	21.8	21.6	19.7	16	26.7
1938/10	18.4	18	18.4	18.7	16.7	9.4	17.3	16.6	13.5	7.9	24.8
1938/11	10.3	9.9	10.7	11.1	10.8	3	9.1	9.7	7.9	0.8	20.1
1938/12	6.5	6.2	7.3	7.2	5.9	-4.4	5	4.9	1.3	-6.6	18.3
1939/1	3.1	3.1	4.3	4.1	2.4	-7.8	1.3	0.9	-2.2	-11.9	15.9
1939/2	4.1	3.9	5.3	4.9	4.1	-5.9	2.9	1.9	-0.7	-8.9	16.5
1939/3	7.6	7.1	8.6	7.7	7.4	-1.2	6.6	5	3	-3.8	17.8
1939/4	13.6	12.5	13.8	13.3	12.8	4.8	13	11.3	8.8	3.9	19.6
1939/5	18	17	17.8	17.4	17	10.4	17.4	15.5	12.8	10.5	22.4
1939/6	22.2	20.9	21.9	21.1	20.7	16.1	21.3	21	17.8	16.8	25.3
1939/7	27.6	26.3	27.1	25.9	26.5	21.1	27.1	26.2	24	21.9	26.7
1939/8	27.6	26.8	26.4	26.4	25.8	22.1	26.2	26.1	24.4	21.7	26.5
1939/9	24.1	23.2	22.6	23.6	23.7	18.7	23.2	22.4	21.6	17.5	25.2
1939/10	17.9	17.1	17.4	17.9	17.9	10.3	16.9	16.8	15.2	8.1	23.6
1939/11	12.9	11.7	12.2	13.3	12.3	3.9	11.8	10.9	8.6	1.7	21.6
1939/12	6	6	6.7	7.1	5.4	-2.4	4.9	5.2	2.3	-4.2	17.4
1940/1	3.9	2.9	4.7	4	2.7	-7.3	1.3	1.2	-2.8	-12.6	15.2
1940/2	3.3	3.3	4.7	3.9	3.7	-4.6	2.1	1.5	-0.6	-8.6	16.1
1940/3	7.2	6.5	7.7	7	8.2	0.1	6.8	4.8	3.8	-1.9	17.1
1940/4	13.2	11.3	12.6	12.3	13.1	4.8	12.5	10.9	7.8	3.8	18.5
1940/5	18.3	16.3	17.4	16.9	17.7	11.5	17.8	15.9	12.9	11	21.6
1940/6	22.1	20.4	21.6	21	22.1	14.5	21.8	20.3	17.4	15.4	24.9
1940/7	27.7	26.4	27.4	26.1	26.9	20.1	26.7	25.6	23.1	20.2	27.2
1940/8	26.2	25.1	25.6	25	24.9	21	25.1	24.6	22.5	20.5	27
1940/9	23.8	22.3	22.6	22.8	21.7	15.2	23.1	21.2	18.1	13.5	26.7
1940/10	18.4	17	17.3	18.1	17.8	11	17.4	16.1	14	8.6	25.2
1940/11	12.9	11.8	12.6	13	12.3	5.2	12	11.6	9.9	2.9	22.2
1940/12	7.5	7.1	8.3	8.1	6.2	-0.9	5.8	6.4	3.1	-3.3	18.2
1941/1	5.2	4.6	6	5.8	4.8	-5.4	4.3	4.2	1.4	-8.4	17.1
1941/2	4.8	4.5	5.7	5.2	5	-5	3.7	2.9	1	-7.1	17.6
1941/3	8.5	7.9	9.9	8.8	8.2	-1.3	7.9	6.6	4	-3.6	18.5
1941/4	12.9	11.8	13.7	12.3	12.7	4.7	12.5	10.4	8	3.3	20.4
1941/5	18.7	17.5	18.7	17.9	17.6	10.6	18	16.4	13.4	9.7	23.9
1941/6	22.5	21.3	22.2	21.6	20.8	14.9	21.6	20.6	17.2	15.7	25.7
1941/7	25.8	24.3	24.2	24.4	23.7	17.5	25.1	22.8	19.2	17.3	28.2
1941/8	27	25.6	25.8	25.3	25.4	19.6	26	24.6	22	19.3	26.9
1941/9	22.1	20.6	21.3	21.5	20.6	16.6	21.2	19.9	18.1	15	26.5
1941/10	17.2	15.6	15.9	16.8	17.3	10.6	16.2	15	13.8	8.9	23.5
1941/11	12.7	12.3	13	13.6	11.7	3.9	12.1	11.2	8.5	1.4	21.2
1941/12	7.5	7.2	8.3	8.4	6.9	-1.6	6.7	6.2	3	-4	19
1942/1	3.7	3.6	4.2	4.6	2.9	-7.1	2.3	1.8	-0.9	-11.3	15.7
1942/2	3.7	3.3	5	4.4	2.6	-7	2.8	1.2	-2.2	-10.9	17.3
1942/3	10.5	9.3	10.9	10.8	10.3	0.1	10.1	7.5	5.4	-2.2	20.1
1942/4	13.3	12.2	13.5	13	13.6	6.2	12.6	10.7	9.6	4.1	21.2
1942/5	17.4	16.2	16.9	16.7	17.3	10.6	17.2	15	13.3	10.1	23.2
1942/6	22.4	20.4	21.7	21.5	22.2	15.8	21.9	20.7	19.2	16.6	26.6
1942/7	29	27	28.1	27.5	27.5	20.4	28.5	26.4	23.7	20.9	28.7
1942/8	28.4	26.7	27.3	27.3	27	20	27.5	26.2	24.1	19.2	28.4
1942/9	24.8	22.8	23.4	23.6	24.9	16.3	24	21.9	21.1	14.8	27
1942/10	16.5	15.5	16.3	16.4	16.4	10.3	15.6	14.8	13.5	7.9	24.2
1942/11	10.2	9.7	11.1	11.1	10.1	3.3	9.1	9.3	7.4	1.4	20.7
1942/12	5.8	5.8	6.4	6.4	5.4	-3.5	4.6	4.8	2	-6.3	17.5
1943/1	2.8	2.1	3.2	3.2	2.4	-5.6	1.4	0.7	-1	-8.7	15.3
1943/2	3.5	3.7	5.1	3.9	4	-4.8	2.5	1.5	0.3	-8.8	15.4
1943/3	6.9	7.1	8.5	7.4	6.8	-1	6.4	4.4	2	-4.2	18.2
1943/4	12.1	11	12.2	11.7	11.8	5.1	11.4	9.7	7.3	3	20
1943/5	18.5	16.9	17.8	17.6	17.8	10.6	17.9	15.9	12.1	10.3	23.9
1943/6	22.5	20.9	21.7	21.5	21.5	16.7	21.9	20.6	17.4	17.3	26
1943/7	26.1	24.6	25.2	24.9	25.1	22.3	25	25.2	22.3	23.4	26.6
1943/8	27.4	26.5	26.9	26	27.4	23.6	26.8	26.5	25.3	22.6	26.4
1943/9	25	23.1	23.2	24.1	24.4	17.9	23.9	22.9	21.5	16.7	26.6
1943/10	17.5	17	17.4	17.8	17.2	10.7	16.5	15.6	14.1	8.7	24.6
1943/11	11.1	10.3	11.5	11.7	10.8	2.5	9.9	9.9	7.4	0.3	21.1
1943/12	6.5	7	7.7	7.6	5.7	-2.7	5.3	6.1	2.2	-5.1	18.6
1944/1	3.7	4.2	5	4.8	3	-6.4	2.6	1.7	-1	-10.1	17
1944/2	3.7	3.7	4.9	4.1	3.2	-6.3	2.1	1.8	-1.1	-9.7	15.7
1944/3	6.7	6.4	7.6	6.4	5.6	-1.2	6	4.5	1.7	-3.5	15.7
1944/4	12.2	11.7	12.5	12.4	10.6	3.8	11.1	9.2	6.2	2.5	19.3
1944/5	19.7	18.3	18.3	18.5	17.7	11.7	18.4	16.8	12.7	11.5	23.7
1944/6	23.2	22.2	22.3	22.1	22.3	16.3	22.6	21.3	18.2	17.3	25.4
1944/7	27.4	26	27.1	26	25.6	21.2	26.1	24.5	21.5	21.9	28.1
1944/8	27.8	26.8	27.2	26.6	27.5	22.7	26.7	25.9	24.9	22.3	27.7
1944/9	23.9	22.9	23.2	23.2	23.2	17.7	22.7	21.9	20	16.1
1944/10	17.2	16.5	17	17.5	16.3	10.5	16.2	15.4	13.7	8.5	24.8
1944/11	11.6	11.7	13.3	12.4	10.9	2.8	10.7	10.5	7.7	0.3	22
1944/12	5.2	4.8	5.4	6.1	4.3	-6.1	3.7	3.2	0.4	-8.8	17.1
1945/1	1.9	1.8	3	2.6	1.1	-8.8	0.4	0	-3.4	-11.7	15.5
1945/2	1.8	2	3.3	2.4	1.6	-6.5	1	-0.2	-3.1	-9.4
1945/3	7.4	6.9	8.7	7.7	6.6	-1.3	6.5	4.4	1.7	-4
1945/4	14.2	13.2	14.3	13.1	13.5	5.8	13.5	11.2	7.8	4.4
1945/5	16.5	15.6	16.5	15.8	15.6	9	15.8	14.1	11	8.4
1945/6	22.6	21.5	22.1	21.7	20.4	13.9	21.4	20	16.5	14.3
1945/7	24.6	24	25.4	24.4	22	16.7	23	21.4	18.4	17.3
1945/8	28.3	27.1	27.2	26.8	26.7	22.1	27.2	26.4	23.8	21.5
1945/9	23.9	22.7	23.4	23.3	22.4	16.1	22.8	21.4	19.1	14.2
1945/10	18	17	17.1	17.7	16.8	10.8	17	15.8	14.4	8.8
1945/11	11.4	10.9	11.9	12.3	11.3	4.2	10.3	9.9	8.1	2.1
1945/12	5.6	5.7	7.3	6.4	4.8	-4.1	3.5	4.5	1.3	-7
1946/1	4.2	3.8	5.6	4.9	3.5	-5.3	2.7	3.1	0.4	-8.4	16.1
1946/2	4.2	4.6	6.1	4.5	4.2	-5.2	3.5	2.3	0.6	-8.1	16.3
1946/3	6.7	6.5	8.2	7.5	6.2	-2.8	6.2	4.3	1.7	-5.1	18.9
1946/4	14.2	13.4	14.5	13.8	14.3	6.1	14.1	11.9	9.5	4.8	21.3
1946/5	17.8	17.1	17.5	17.1	16.9	10.1	17.1	15.3	12.4	9.5	23.8
1946/6	23	21.8	23.3	22.1	23.3	18.1	22.3	22	18.8	18.3	26.5
1946/7	27.7	26.4	26.8	26.4	26.2	21.4	27.2	25.6	22.9	21.2	27.6
1946/8	27.3	26.9	26.8	26.3	26.7	24.2	26.3	26.2	24.7	23.4	27.6
1946/9	23.2	22.9	23.1	23.3	23.1	17.2	22.5	21.4	20	15.1	27.7
1946/10	18	16.7	17	17.6	17.3	11.7	17	15.8	14.7	9.9	23.9
1946/11	13.7	13.2	13.4	14.2	12.4	5.2	12.6	12	9.7	2.5	21.1
1946/12	5.8	5	6.7	6.2	4.7	-2.8	4	4.2	1.2	-5.2	16.8
1947/1	4.5	4.6	6.2	5.6	3.4	-4.4	3.4	2.5	0.3	-7.2	16.5
1947/2	2.6	2.1	3.2	3	2.7	-5.2	1.3	0.5	-1	-8.9	13.2
1947/3	6.4	6.2	7.9	6.7	6.8	-1.4	5.4	3.6	2.3	-4.4	16.1
1947/4	13.1	12.2	13.1	12.3	13.1	5.9	12.3	10.6	8.3	4	18.6
1947/5	17.1	15.7	16.3	16.3	16.9	11.3	16.8	14.5	12.6	10.6	21.9
1947/6	21.3	19.7	19.9	20.5	19.2	14.5	20.6	18.6	15	14.6	24.8
1947/7	27.2	26.2	26.5	25.9	25.7	20.4	26.2	24.9	21.7	20.7	27.4
1947/8	28.8	27.2	27.4	27	28	21.1	28.1	26.4	24.8	20.4	27.7
1947/9	24.3	23.4	23.4	23.7	22.9	15.9	23.4	21.6	19.3	14.1	27.1
1947/10	15.9	15.3	15.7	16.3	15.6	9.6	15.2	14.4	12.6	8	22.9
1947/11	9.7	9.8	10.4	10.6	10.3	2.4	9.3	9	6.5	0.1	20.3
1947/12	4.8	4.4	6	6.1	4.1	-4.4	3.5	3	-0.6	-7.9	16.6
1948/1	4.3	3.9	5.2	4.4	4	-2.4	2.9	2.7	1.7	-4.2	14.6
1948/2	4.7	5	6.5	5.3	5.1	-4.1	3.9	2.4	0.6	-6.5	16.4
1948/3	7.1	7.2	8.7	7.4	6.5	-0.4	6.5	5.3	3.1	-2.6	17.8
1948/4	14.4	13.7	14.6	14.2	14.2	8	13.9	12.2	10.2	6.7	20.1
1948/5	18.9	17.4	17.6	17.9	18.1	13.5	17.8	16.5	14.8	13.1	23.1
1948/6	22.4	21.4	22	21.4	21.6	16.4	21.9	21.1	19	16.9	25.3
1948/7	26.9	25.4	26	25.6	26	21.8	26.5	25.3	23.3	21.7	28.3
1948/8	27.5	26.7	26.2	26.6	25.4	23.7	26.4	25.4	24.2	22.4	27.9
1948/9	23.9	23.1	23.2	23.4	23.8	17.1	22.9	21.4	20.5	15.6	27.7
1948/10	18.2	18	18.4	18.6	17.4	10.5	17.3	15.9	14.4	9	23.4
1948/11	12.1	11.7	12.2	12.7	11.9	3.5	11.3	10.3	7.8	0.7	20.7
1948/12	9	9	10.6	9.8	7.9	-0.2	7.8	8	4.4	-2.2	19.7
1949/1	5.2	4.7	5.8	5.9	5.4	-1.9	4.7	4.5	3.3	-4.3	14.9
1949/2	6.7	5.6	7.2	6.9	6.5	-1.4	5.8	4.4	3.4	-4.4	16.2
1949/3	6.4	6.5	8	6.9	6.7	-2.1	5.6	4.3	1.9	-5	17.9
1949/4	11.5	10.9	12.5	11.4	12.1	4.2	10.6	9	7.2	2.5	19.2
1949/5	18.8	17.4	18.5	18	18.4	13.1	17.7	16.8	14.4	12.9	23.9
1949/6	21.9	20.1	20	21.1	19.4	15.2	20.8	19.9	16.1	15.7	24.9
1949/7	25.9	24.7	24.6	25	25.3	20.4	25.3	24	21.6	20.1	27.8
1949/8	27.7	26.4	26.4	26.2	26.6	23.5	26.8	26.1	23.9	23.4	26.9
1949/9	23.7	22.9	23.3	23.3	22.4	17.7	22.7	21.8	19.8	16.2	26.9
1949/10	16.4	16.1	16.1	16.8	16.1	10.7	15.7	15.4	14	8.8	24.3
1949/11	11.3	10.7	11.9	12.1	10	2.8	10.4	9.5	6.6	0.3	21.2
1949/12	7.3	6.7	7.8	8.1	6	-3.6	6.3	5.7	2.4	-6.3	18.6
1950/1	5.9	5.8	7.5	6.7	5	-4.8	4.6	4.1	0.9	-8.4	17.1
1950/2	5.1	5	6.6	5.8	4.7	-3.1	4.2	3.1	0.9	-6.7	16.7
1950/3	7.9	7.2	8.9	8.1	7.7	-0.4	7.1	6	3.3	-2.6	17.9
1950/4	14.9	13.1	13.8	14.4	13.9	6.8	14.2	11.7	9.5	4.7	20.3
1950/5	19.8	17.9	18.4	18.8	19.2	12.5	19	17	15.4	11.8	23.2
1950/6	22.2	20.7	21.3	21.8	21.8	16.4	21.7	20.1	18.4	17.2	25.1
1950/7	26.7	25.4	26.7	25.5	26.5	22.8	25.9	25.5	24.4	22.9	27.8
1950/8	27.5	26.2	26.5	26.3	26.2	24	26.7	26.5	24.9	23.3	27.8
1950/9	23.6	22.5	23.2	23.3	23.8	17.1	22.9	22.4	21.5	15.5	26.9
1950/10	16.9	16.4	17.3	17.1	15.8	8.3	16	15	12.9	6	24.6
1950/11	12	11.4	12.7	12.4	11.1	3.7	11.3	10.4	8.4	1.8	20.9
1950/12	5.9	5.7	6.4	6.7	5.4	-2.9	4.9	5	2.6	-5.4	16.3
1951/1	4.2	4.1	4.7	5	3.3	-6.3	3.2	2.3	-1.4	-9.9
1951/2	5.5	5.9	7	5.9	4.5	-5	4.4	3.9	0.9	-8.9
1951/3	8.1	7	8.1	8.2	8.8	-1.2	7.4	5.7	3.6	-2.9
1951/4	13.5	12	13	13.4	13.3	5.8	12.4	10.7	9	3.9	20.7
1951/5	18.8	16.9	18.2	18	18	12.2	17.5	16.1	13.7	11.5	22.8
1951/6	21.7	19.9	21.1	20.8	21.2	15.9	20.8	20	18	15.9	25.4
1951/7	25.5	24.1	24.5	24.7	24.3	19.7	24.6	23.6	21.1	19.7	27.5
1951/8	28.7	27.1	27.6	27	26.7	24	27.1	26.9	25.1	23.4	27.7
1951/9	21.6	20.5	21	21.4	20.7	15.6	20.2	20.3	18.3	13.4	27.3
1951/10	19.1	17.2	17.7	18.7	17.3	9.7	17.9	16.7	14.3	8.4	24.4
1951/11	11.8	11.1	12.1	12.3	11.4	4	10.7	10.7	7.4	1.7	20.6
1951/12	8	7.6	8.7	8.9	7.3	-0.5	6.5	7.4	4.5	-2.6	18.7
1952/1	5	4.6	5.4	5.8	4.3	-4.8	3.3	2.9	0.2	-7.5	16.5
1952/2	4.1	4	5.2	5	2.6	-6.9	3	1.5	-1.8	-9.9	17.5
1952/3	7.8	7.2	8.4	8.1	7.4	-1.4	6.9	5.4	3	-4.4	19.2
1952/4	14	12.8	14.2	13.7	13.3	6.1	13	11.5	8.8	4.3	21.1
1952/5	18.4	17.1	17.8	18.1	18.1	11.4	17.4	15.9	13.6	10.8	25.1
1952/6	22.3	20.2	21.4	21.6	21.3	16.4	21.1	19.9	17.9	16.8	26.8
1952/7	26.1	24.8	25.7	25.3	24.3	20.4	24.6	23.8	21.7	20.9	28.1
1952/8	28.4	26.9	27.4	27.3	26.8	21.3	27.3	25.6	23	20.7	28.1
1952/9	24.1	22.3	23.1	23.8	22.7	16.4	22.8	21.4	19.6	15.1	27.4
1952/10	17.3	16	16.3	17.3	17.3	10.5	16.2	15.7	13.7	9.2	24.5
1952/11	13.4	13.1	14.1	14	12	1.5	12.2	11.6	7.7	-1.2	23.1
1952/12	7.2	7	7.2	8	5.3	-6	6	5.4	1.2	-9.4	18.2
1953/1	4.4	3.9	5.1	5.2	3.3	-6.6	2.4	2.7	-0.5	-10.9	15.8
1953/2	4.7	4.6	6.4	5.4	4.2	-6.1	3.6	2.9	-0.3	-9.6	17
1953/3	9.4	8.4	9.4	9.6	9.4	0.1	8.4	7.3	4.8	-2.3	18.6
1953/4	12.4	11.7	12.7	12.7	12.7	5.5	11.5	10.7	8.2	3.7	18.9
1953/5	18.4	17.2	18.1	17.9	17.8	11.3	17.4	16.4	13.3	10.5	22.1
1953/6	22.4	20.8	21.5	22.3	20.6	15.5	21.7	20.8	16.4	15.9	27.4
1953/7	26.2	25.7	26.9	26.1	24.7	20.1	24.8	24.1	21.3	20	28.5
1953/8	27.7	27	27.9	27.6	25	20.2	26.1	25.4	21.8	19.3	27.9
1953/9	23.7	23	23.5	23.7	22.2	16.8	22.8	21.6	18.9	15.4	26.7
1953/10	18.2	17.7	18.3	18.5	17.2	10.3	17.1	16.6	13.8	8.6	24.3
1953/11	11.1	11.1	12.3	12.2	10.4	0.3	9.8	9.8	6.3	-2.4	21.7
1953/12	8.3	8.1	9.6	9.4	7.6	-1.8	7.3	7.3	3.5	-4.8	19.2
1954/1	6	6.2	7.8	7.1	4.3	-5.4	4.8	3.9	0	-9.6	18
1954/2	6.2	5.8	7.5	7.1	5.6	-3.1	5.1	4.4	2.4	-4.9	16.6
1954/3	8.2	7.9	8.8	8.6	8.4	-1.3	7.7	6.3	3.6	-4	17.4
1954/4	15	13.9	14.5	14.9	14.9	6.8	14.3	12.6	10.5	4.8	21.4
1954/5	18.4	17.6	18.7	18.3	17.6	10.6	17.4	16.6	14.1	10	25
1954/6	20.6	19.8	20.6	20.6	18.3	13.8	19.3	18.4	15.5	14.3	26.4
1954/7	24.5	23.6	24.8	24.1	22.3	17.7	23.5	23.1	18.8	18.1	28.2
1954/8	28.1	27.3	27.5	27.4	27	20.6	27.2	26.6	24.1	20	27.7
1954/9	24.5	23.2	23.6	23.7	24.6	18	23.7	23.4	21.4	17	26.9
1954/10	16.4	15.7	16.7	16.9	15.5	9.4	15.7	14.9	12.9	7.3	23.8
1954/11	12.8	12.9	13.4	13.6	11.7	3.7	11.9	11.8	8.2	0.5	21.7
1954/12	7.7	7	8	8.8	7.1	-0.7	6.6	6.3	2.9	-3	17.8
1955/1	4.1	3.7	4.7	4.5	3.8	-5.8	2.8	2.2	0	-8.9	15.1
1955/2	6.2	6.1	7.4	6.8	6.2	-3.7	5.1	4.5	1.4	-6.2	17.1
1955/3	9.4	9.3	10.7	9.7	8.7	-0.8	8.7	7.1	4.1	-2.8	20.2
1955/4	14.4	13.6	14.7	14.2	13.6	6	13.7	12.2	9.4	4.4	21.7
1955/5	18.7	17.5	18.2	18.5	18.2	10.2	17.8	16.7	13.7	9.9	23.2
1955/6	23.7	22.6	23.4	22.8	22.7	16.3	22.8	22.2	19.2	16.4	26.4
1955/7	27.9	26.1	27.3	26.4	27.6	23.7	27	26.8	24.4	23.3	27.4
1955/8	27.7	26.6	26.6	26.9	26.3	22.3	26.7	25.9	24.3	21	27
1955/9	24	23	23.8	23.5	22.3	16.2	22.9	21.8	18.9	14.5	27.6
1955/10	17.7	16.8	16.7	17.7	17.6	10.8	17	15.7	14.8	9	23.8
1955/11	10.8	10.1	10.9	11.6	11	3.8	10.1	9.9	7.7	1.5	20
1955/12	7.9	7.2	8.3	8.8	7.9	-0.1	7	7	4.6	-2.5	18.1
1956/1	4.7	4	5.6	5	4.2	-5.2	3.4	2.5	0.1	-7.7	15.3
1956/2	4.3	3.7	4.8	5	4.3	-4.6	3	1.7	-0.2	-7.5	15.1
1956/3	8.7	8	9.4	9.1	8.6	0	8.3	6.4	3.8	-2.5	18.2
1956/4	13.6	12.5	13.8	13.6	13.1	6.3	12.9	11.4	8.7	4.8	21
1956/5	17.7	16.3	17.1	17.3	17.6	14	17	16.2	14.3	13.9	24.3
1956/6	23	21	22.5	22.4	22.3	14.9	22	20.4	18	15.1	27.4
1956/7	26.8	25.9	27.2	26.3	24.2	18.2	25.4	24.7	20.2	18.7	29.2
1956/8	26.7	25.3	26	26.3	25.4	19.1	25.6	24.5	21.4	18.3	27.4
1956/9	23.9	22.9	23.5	23.5	22.7	17.5	22.9	22.6	19.6	16.4	26.5
1956/10	18.2	17.7	18.1	18.2	17.3	11.9	17.4	16.5	14.5	9.6	24.5
1956/11	11.3	10.4	11	12	11.8	3.5	10.9	10.4	7.7	1.4	20.2
1956/12	5.6	5.1	5.7	6.1	5	-3.8	4.1	3.6	1	-7.7	17
1957/1	5.3	5.7	7	6.2	5.7	-4.2	4.4	3.5	1.2	-7.7	17.1
1957/2	4.5	4	4.9	4.8	4.3	-5.1	3.2	2.3	-0.3	-8.8	15.6	-2.1
1957/3	6.1	6.6	7.9	6.8	6.8	-1.9	5.2	3.9	2.4	-4.7	16.8	-5.2
1957/4	14.7	14.1	14.3	14.9	14.3	6.5	14	12.1	9.3	5.1	21.4	-9.5
1957/5	17.4	16.6	18.1	17.3	17.1	12.1	16.7	15.9	13.6	12	23.8	-14.7
1957/6	21.7	20.6	21.2	21.2	19.8	14.1	21	19.9	16.6	14.2	25	-13
1957/7	25.7	24.5	26.2	25.4	24.4	19.7	24.7	24	21.3	20.1	28.9	-17.7
1957/8	27.8	26.5	26.5	26.8	27.3	21.6	26.6	26	24.1	20.5	27.9	-18.3
1957/9	21.4	20.8	20.9	21.1	20.8	15.7	20.7	20.4	18.5	14.4	27	-20.4
1957/10	17.4	16.4	16.8	17.1	17.2	10.8	16.4	16	14.2	9.2	23.2	-11.7
1957/11	13	12.2	12.7	13.4	12.9	5.3	12.1	11.6	8.4	3.1	21.1	-6.7
1957/12	8.2	6.9	8.3	8.5	8	-0.1	6.9	6.5	3.9	-3.1	18	-1.3
1958/1	5.1	4.4	5.5	5.5	5	-3.8	3.8	3.5	0.6	-6.9	16.3	0.3
1958/2	6.1	5.5	7.2	6.4	6	-2.4	5.2	4.3	2.2	-6.5	16.2	-3.1
1958/3	8.5	7.9	9.6	8.8	8.4	-0.5	7.7	6.8	3.4	-2.9	17.8
1958/4	14.5	13.5	15	14.4	13.9	5.8	13.7	12.6	9	4.2	21.9
1958/5	18.5	17.4	18.2	18.2	18	11.4	17.6	16.5	13.7	10.9	23.4
1958/6	23	22.1	22.5	22.2	22	15.9	22.1	21.8	18.5	16.2	24.7
1958/7	27.2	26.5	27.8	26.6	24.9	20.1	25.3	25.1	21.4	20.4	27.6
1958/8	27.5	26	26.5	26.3	25.8	20.8	26.3	25.4	22.4	19.8	28.3
1958/9	24.2	23.7	24	23.8	23.2	16.9	23.2	22.6	19.5	15.5	27.4
1958/10	17.1	16.6	17.5	17.2	16	10.4	16.1	15.6	13.1	8.4	24.3
1958/11	12	11.8	12.5	12.9	11.1	4.2	10.9	10.4	7.3	2.3	21.1
1958/12	8.4	8.3	9.6	9.6	7.9	0	7.4	7.6	5	-2.4	18.8
1959/1	4.4	4	5.1	4.8	3.7	-5.4	2.9	2.7	0.3	-8	15.5	-0.2
1959/2	8.2	7.7	9.4	8.5	7.3	-1.9	7.2	5.9	3.1	-5.5	19.2	-4.4
1959/3	9.7	9.5	10.7	9.9	8.9	1.6	8.9	8	5.1	-0.3	19	-5.5
1959/4	14.9	13.7	14.4	14.8	15.3	8.4	13.4	12.8	10.9	7.4	20.3	-10.1
1959/5	19.2	18	18.6	18.7	18.5	12.9	18.3	17.1	14.6	12.2	23.7	-14.6
1959/6	22.8	21.9	22	22.3	20.4	15.7	21.4	20.5	17.4	16	25.9	-13.3
1959/7	27.6	25.9	27	26.6	26.1	20.1	26.4	25	21.9	20.1	28.5	-16.3
1959/8	28.1	26.8	27.8	27.2	26.7	21.3	26.9	25.9	22.8	20	27.8	-19.2
1959/9	25.4	24.1	24.2	24.6	24.1	17.2	23.8	23.1	20.4	15.8	27.3	-21.7
1959/10	18.5	17.8	18.4	18.5	17.6	11.3	17.8	16.6	14.7	9.4	24	-12.7
1959/11	13.2	13	13.6	14	12.3	3.4	12.5	11.7	8.8	0.6	21.9	-9.1
1959/12	8.3	7.6	8.8	8.8	7	-2.4	7	6.5	3.5	-5.2	19.1	-2.2
1960/1	5.1	4.1	5.4	5.5	5	-6.2	3.9	3.5	-0.2	-9.4	16.6	-0.8
1960/2	6.8	6.7	7.8	7.3	6.6	-3.2	5.6	4.9	2.4	-5.7	16.9	-4.7
1960/3	9.7	9.5	10.7	10.2	9.5	-0.4	9.2	7.8	4.5	-3.2	19.9	-7.5
1960/4	13.4	12.4	13.3	13.1	12.8	5.2	12.6	11.1	8.3	3.9	20.3	-9.8
1960/5	18.7	17.5	18.5	18.2	17.8	11	17.9	16.7	14	10.2	23.1	-15.7
1960/6	22.4	21.3	22.5	21.6	21.5	15.3	21.5	20.6	17.8	15.7	26	-19.6
1960/7	27.5	26.6	27.8	26.8	25.8	20	26.6	24.7	22	19.7	28.4	-19.3
1960/8	28.3	27.4	27.9	27.3	26.4	23	27.2	27	24.1	22.3	27.3	-19.1
1960/9	24.6	23	23.7	24.2	23.6	18	23.4	22.7	20.5	16.6	27.4	-22.4
1960/10	17.9	17.2	17.7	18.3	16.8	10.2	17.3	16.4	13.6	7.8	24.7	-14.1
1960/11	13.3	12.2	13.3	13.9	12.3	4.6	12.1	11.7	9.1	1.9	21.8	-7.3
1960/12	7.1	5.8	6.8	7.7	6.7	-3	5.7	5.7	2.8	-5.5	17.4	-1.9
1961/1	4	3.1	4.4	4.4	3.6	-6.2	2.5	1.7	-0.9	-9.8	15.5	-2.2
1961/2	4.6	4.1	5.4	4.8	4.5	-4	3.1	1.8	0.1	-7.6	15.2	-2.3
1961/3	8.9	8.9	10.2	9.2	8.2	0	8.4	6.2	3.8	-2.4	18.5	-7.5
1961/4	15	13.5	14.4	14.5	14.9	7.4	14.1	12.5	10.1	6.4	20.8	-11.4
1961/5	19.7	18	19	18.7	19.8	12.5	18.9	18	15.5	11.7	24.2	-14.8
1961/6	22.7	21.8	22.8	22.2	22.6	17.5	21.8	20.5	18.4	17.8	27.5	-13.8
1961/7	28.1	27.1	28.3	27.1	27.4	21.6	27.1	26.9	23.3	22	28.1	-19.8
1961/8	28.5	27.5	28.1	27.8	26.8	21.7	27.8	27.4	23.6	21.2	28.2	-18.8
1961/9	26.3	25	25.4	25.6	25.3	19.3	25.5	24.4	22.1	17.9	27.8	-15.9
1961/10	20	19.4	19.7	20.1	18.3	10.9	19.4	17.8	14.8	8.9	25	-11
1961/11	13.4	12.5	13.8	14.2	12.7	4.2	12.8	11.6	9.1	2.2	22	-6
1961/12	8	6.9	8.2	8.6	7.2	-1.2	6.5	6.3	3.2	-4.5	18.1	-2.7
1962/1	4.5	3.6	4.7	5	4.5	-3.6	3.4	2.6	1.3	-7.8	14.4	-2.1
1962/2	6	5.7	6.7	6.4	5.9	-3.9	4.8	3.1	1.4	-8.1	16.3	-2.2
1962/3	8.3	8	9	8.7	8.2	-0.9	7.5	6.1	3.4	-3.1	17
1962/4	13.7	12.3	13.2	13.4	14.1	8.4	13	11.5	9.6	7	19.1
1962/5	18.6	17.1	18.1	17.9	18.4	12.7	17.5	17	14.5	12.8	23.9
1962/6	21.6	20.4	21.2	20.9	20.9	16.1	20.9	19.1	17.5	15.6	26.5
1962/7	26.8	25.7	26.7	25.6	25.1	20.1	25.5	25.5	21.6	20.6	28.3
1962/8	28.4	27.2	27.1	27.3	28.1	20.6	27.6	26.7	24.4	19.5	27.9
1962/9	24.7	23	23.7	24.3	24.5	17.7	23.7	22.8	20.4	16.2	27.7
1962/10	17.7	16.5	17.4	18	16.7	9.7	16.9	15.5	13.2	7.5	24.6
1962/11	12	10.9	12.2	12.6	11.3	3.6	11.1	10.2	8.2	0.9	21.3
1962/12	7.6	6.9	8.4	8.3	7	-0.9	6.5	6.3	3.9	-4.2	17.7
1963/1	2.5	1.4	2.6	2.7	3.2	-4.7	0.9	0.6	0	-10	12.4
1963/2	3.3	2.5	3.5	3.9	4.8	-2.9	2.4	1.6	1	-6	13.5
1963/3	7.7	7.5	8.7	7.7	7.6	1.1	7.3	5	3.9	-0.8	17.3
1963/4	14.6	13.6	14.3	13.8	13.9	6.6	14.1	12.5	9.8	5.6	20.8
1963/5	19.5	18.4	19.1	19.1	18.4	12.9	18.4	17.6	13.9	12.4	25.7
1963/6	24	21.9	22	23	21.8	15.6	23	21.2	17.3	16	26.5
1963/7	27.9	26.1	27	26.7	25.7	20.3	26.4	25.5	20.8	21	28.3
1963/8	27.7	26.2	27	26.5	26.6	21.5	26.4	25.9	23.2	20.9	28.4
1963/9	22.4	21.6	22.7	22.4	21.4	16	20.7	20.6	18.8	14.2	27.8
1963/10	17.2	16	16.6	17.6	16.3	10.6	16.3	15.4	13.3	8.7	23.5
1963/11	12.3	11.2	12.7	12.6	12.1	5.4	11	10.5	8.8	2.5	21.5
1963/12	8.1	7.3	8.9	8.3	8.1	0.1	6.9	7.3	4.6	-2.6	18.3
1964/1	6.4	5.6	7.5	6.9	5.4	-3.8	5.3	4.4	1.2	-8.3	17.2
1964/2	4	3.8	5	4.5	4.2	-6.1	3.4	1.8	-0.8	-10.7	16.3
1964/3	7.8	7.6	9.5	8.2	7.6	0.2	6.8	5.4	3.6	-2	18.2
1964/4	18	17.2	17.4	17.4	15.3	6.2	16.8	14.4	10.1	4.8	24.2
1964/5	20	18.5	19.1	19.2	18.9	12.7	19.1	17.7	14.7	12.3	23.8
1964/6	22.6	20.8	21.8	21.5	21.5	15.8	21.3	20.3	18	15.8	25.3
1964/7	28.2	27.2	28.5	26.9	25.5	18.7	26.8	25.6	21.6	18.5	27.8
1964/8	29.6	28.4	28.3	28	27.8	21.5	27.8	27.8	24.4	20.3	27.6
1964/9	25	23.9	24.5	24.5	22.3	15.7	23.4	21.7	18.5	13.6	27.9
1964/10	18	17.4	18.3	18.3	15.9	9.4	16.5	15.6	12.8	7.7	25.6
1964/11	11.6	10.9	12.1	12.4	11.1	3.9	10.5	10.2	7.9	1.8	21.3
1964/12	7.5	6.9	7.9	8.2	7.5	-1.7	6.5	6.1	2.9	-4.4	18.6
1965/1	4.6	3.9	5.2	5.2	4.4	-2.8	3.7	2.7	1.5	-6	15.5
1965/2	5	4.8	6.3	5.5	4.7	-4.3	3.7	2.7	0.2	-7.5	16.5
1965/3	6.4	6.3	7.7	7.2	6.9	-1.2	5.7	4.7	2.3	-3.6	16.4
1965/4	11.7	11.5	12.5	12	11.1	4.6	10.9	9.3	7.1	2.8	20.2
1965/5	18.9	17.5	18	18.1	17.2	11.8	18	16.9	13.3	10.9	22.5
1965/6	22.7	21.1	21.2	21.6	21.6	16.1	22.2	20.5	17.6	16.4	25.6
1965/7	26.8	25.2	27.1	25.6	24.2	18.6	25.6	23.7	19.9	18.4	28.4
1965/8	28.3	26.6	27.2	26.9	26.7	22.1	27.1	26.3	23.6	21	27.6
1965/9	22.5	20.8	21	22	22.2	17.2	21.8	21.2	19.8	15.3	26.4
1965/10	17.1	16.1	16.8	17.3	16.9	10.5	16.3	15.6	13.3	8.6	22.9
1965/11	13	12.3	14	13.5	12.7	3.7	11.8	11.2	8	1.4	22.4
1965/12	7.3	6.4	7.5	7.5	7	-2	5.3	5.7	3	-4.2	18.2
1966/1	4.7	3.7	5.5	5.1	4.6	-4.7	2.8	2.8	0.2	-8	16.7
1966/2	6.7	6.4	8.1	7.1	7.2	-3.9	5.7	4.6	2	-6.2	17.8	-3.9
1966/3	9.7	9	10.8	10.1	9.6	0.8	8.3	7.3	4.8	-1	19.6	-5.9
1966/4	14.2	13.2	14.1	13.5	13.6	5.4	13.5	11.8	9.3	3.3	21.8	-10.8
1966/5	18.2	17.2	18.2	17.5	17.9	12.2	17.5	16.2	14.1	11.2	23	-12.6
1966/6	22	21.1	21.9	21.1	20.1	15.7	20.9	20	16.3	15.4	25.3	-18
1966/7	26.6	25.1	26.5	25.3	24.4	18.5	25.6	24.2	20.8	18.7	27.7	-19.6
1966/8	28.7	28	29	27.3	26.9	22	27.1	27	23.8	21.4	28.4	-21
1966/9	24.3	22.4	23	23.2	23.2	15.8	23.1	21.8	19.6	14.1	26.4	-16.6
1966/10	18.4	17.3	17.9	18	18.9	12.3	17	16.7	15.1	10.4	23.4	-15.8
1966/11	11.9	10.9	12.2	12.4	12.9	4.9	11	10.7	8.3	3.1	21.6	-5.9
1966/12	6.1	5.4	6.9	6.6	6.6	-4.2	4.5	4.1	0.9	-6.4	18.4	-1.1
1967/1	4.2	3.7	5.2	4.9	4.4	-6.3	2.9	2.2	-0.8	-9.5	15.3	-0.1
1967/2	5.1	4.7	6.1	5.6	4.9	-4.4	4	2.6	0.3	-7.5	15.7	-4.5
1967/3	8.9	8.2	10.1	9.3	9.5	0.6	7.9	6.9	4.4	-1.4	18.2	-7.3
1967/4	14.8	13.7	14.8	14.3	14.5	6.5	13.6	12.2	10	4.9	22.5	-9.7
1967/5	20.7	18.7	19.6	19.6	20	13.6	19.7	18	15.8	14.1	25	-12.3
1967/6	24	22.2	23.2	22.8	23	15.7	23.1	21	19.7	15.5	26.2	-14.2
1967/7	27.2	25.8	27.1	26.1	26.3	20.9	25.9	25.5	23.3	21	28.6	-16.8
1967/8	29.2	28	28.8	28.2	28	22.1	27.6	26.8	24.4	21	28.3	-18.4
1967/9	24.6	24	24.1	24	22.6	16.3	22.9	22	19.3	14.7	26.6	-19.5
1967/10	17.6	16.9	17.7	17.6	16.9	10.4	16.3	15.9	13.7	8.4	23.9	-12.5
1967/11	13.1	11.8	13.1	13.1	12.1	2.7	11.8	10.8	7.4	-0.1	22.6	-5.5
1967/12	5.7	4.4	5.5	5.5	6.7	-2.1	4.4	3.6	1.8	-5	15.7	-1.3
1968/1	4.5	4.1	5.8	4.8	5.7	-3.4	2.9	2.7	0.6	-7.3	15.5	-1.1
1968/2	3.2	2.1	3	3	4.3	-4.8	2.2	1.2	-0.5	-10.3	13.4	-3.1
1968/3	8.9	7.8	9.4	9	10	1.8	7.8	6.5	5.2	0.5	17.1	-4.7
1968/4	15	13.8	14.2	14.4	14.1	7.1	14.1	12.3	9.1	6.3	19.8	-9
1968/5	18.7	17.7	17.6	18.1	17.5	11.6	17.9	15.6	13.2	11.5	23.1	-11.7
1968/6	23.1	21.2	21.4	21.9	22	16.7	21.6	20.9	18.1	17.5	24.9	-15.7
1968/7	26.1	24.9	25.2	24.8	24.7	20.6	24.9	24.9	22	20.2	28.4	-19.3
1968/8	26.8	26.4	26.8	26.5	26.6	20.8	26.3	25.6	23.4	19.9	28.1	-16.8
1968/9	22.5	22.3	23.4	22.8	21.9	17.1	22	21.7	19.6	15.4	27	-19.1
1968/10	16.5	15.8	17.1	17.1	16.3	8.7	15.6	14.9	12.6	6.5	23.8	-12.8
1968/11	12.9	11.8	13	12.7	14.1	6.2	11.8	11.6	9.3	3.8	20.7	-6.1
1968/12	10	8.9	10.6	10.1	10.2	0.6	8.5	8.3	5.4	-1.7	19.3	-2.2
1969/1	5.7	5.1	6.8	5.7	5.7	-5.5	4.7	2.9	0.1	-8.7	18.3	0.4
1969/2	5.6	5.3	6.7	5.8	5.7	-5.3	5.2	3.1	0.1	-8.5	17.8	-1.5
1969/3	7.7	7	8.4	7.8	7.9	-1.4	7	5.4	2.5	-3.9	18.2	-4.5
1969/4	14.4	13.6	14.7	14.1	14.6	6	13.8	12.1	9.8	4.6	21.7	-8.2
1969/5	19.5	18.4	18.8	19.3	19.6	11	18.6	17.1	14.9	10	24.3	-11.3
1969/6	21.8	20.6	21.6	21.4	21.8	15	20.8	20.3	18.1	15.5	24.5	-11.7
1969/7	26.4	25.2	26.2	25.4	25	20.6	24.8	24.7	20.7	21	28.5	-17.5
1969/8	28.1	27.1	28.2	27.3	27.2	19.6	26.9	26.2	23.2	18.5	28.1	-22.3
1969/9	24.9	24.1	25.2	24.4	22.8	16.4	23.3	22.3	19.6	14.1	28.2	-19.8
1969/10	17.5	16.5	17.4	17.6	17.3	9.8	16.2	15.6	13.3	7.4	24.2	-12.7
1969/11	11.8	10.7	12.4	11.6	12.8	3.8	10.8	10.3	8	1.4	20.6	-5.8
1969/12	6.9	5.6	7.1	6.6	7.2	-3.6	5	4.9	1.5	-6	17.2	-0.9
1970/1	4.8	3.5	4.4	4.7	4.5	-5.9	3	1.7	-0.2	-10.6	15.1	-0.9
1970/2	6.1	5.4	7.7	6.2	6	-3	4.5	4.1	0.7	-6	17	-3.6
1970/3	6.1	5.4	7	6.1	5.5	-3	4.3	2.7	0.3	-5.1	16.6	-5.6
1970/4	13.8	12.9	13.3	13.2	13	5.9	12.7	10.7	8.4	4.2	19.7	-8.9
1970/5	19.4	18	18.7	18.6	19.6	13.8	18.9	17.8	15	13.8	23.9	-15.1
1970/6	21.2	20.4	20.8	20.9	20.7	16	20.7	19.8	18.1	16.2	26.1	-16.5
1970/7	27	25.9	26.2	25.8	25.4	21.4	25.7	25.6	22.3	21.2	28.2	-18.3
1970/8	28.2	27.4	28.1	27.3	27.4	21.5	26.7	26.9	23.2	20.8	28.5	-20.5
1970/9	25.3	24.7	25.3	25.1	24	17.4	23.8	23.4	20.2	15.5	27.7	-20.7
1970/10	18.4	17.7	19.5	18.6	17.2	11.2	16.9	16.5	13.9	9.1	25.3	-11.5
1970/11	12.4	11.3	12.9	12.5	12.3	4.9	11	10.2	7.5	2.8	21.3	-6
1970/12	7.7	6.2	8.1	7.6	6.8	-2.2	5.5	5.4	2.1	-4.6	18.4	-1.1
1971/1	5.5	4.5	5.5	5.5	5.1	-5	3.9	2.9	0.7	-9.2	14.2	-0.5
1971/2	5.6	4.6	6.4	6.3	5.9	-3.7	4.8	2.9	0.9	-7.6	15.7	-2.1
1971/3	7.3	7.1	8.9	8.4	8.3	0	6.9	5	3.3	-1.8	17.3	-7.2
1971/4	13.7	13.7	14.3	14	13.5	6.4	13.4	11.4	8.6	5	21	-10.8
1971/5	18.2	17.8	18.5	18.2	17.4	10.4	18.1	16.8	13.6	11.1	23.5	-16.7
1971/6	22.3	21.9	22.8	22.1	21.3	14.4	21.7	21	17.8	15.9	28.2	-18.4
1971/7	26.9	26.4	28.2	26.7	25.8	19	25.8	25.5	22.6	19.4	29.5	-18.8
1971/8	27.4	26.4	26.6	26.8	26.7	20.3	26.6	26.3	23.1	19.9	28.1	-20
1971/9	23.3	22.9	23.2	23.3	21.1	15.6	22.3	21.4	17.9	14	27.4	-16
1971/10	16.6	16.3	17.1	17.3	15.5	10.5	15.6	15.1	12.7	8.7	24.3	-12.6
1971/11	12.7	12.1	13.2	13	11.9	4.4	11.4	11	7.8	2.5	21	-7.3
1971/12	8.2	7	8.5	8.2	7.9	-1.4	6.5	6.3	3.2	-2.8	18.3	-0.7
1972/1	7.4	6.5	7.9	8	6.6	-3.9	6.4	5.7	1.8	-7.6	18.2	-0.1
1972/2	5.7	5.8	6.8	6.7	5.1	-3.8	5.7	3.9	0.8	-7.2	17.1	-2.8
1972/3	8.9	8.4	9.4	9.8	9.7	0.2	8.7	6.8	4.6	-1.4	17.8	-7.7
1972/4	13.8	13.2	13.8	14	13.4	6.9	13.8	12.4	9.8	6.9	20.7	-10.1
1972/5	18.1	17.2	17.9	18.6	18.6	11.8	17.3	16.5	14.8	12	24.3	-16.1
1972/6	21.6	20.5	21.4	21.8	21.4	15.7	21.3	21	18.5	16.6	26.9	-17.8
1972/7	26.1	25.1	26.1	25.8	25.2	20.6	25.2	25.5	22.4	20.9	27.8	-20.3
1972/8	27	25.6	26.4	26.7	26.6	21.7	26.3	26	23.9	21	27.5	-15.5
1972/9	22.7	21.6	22.2	22.9	23.1	16.8	22.1	21.5	20.1	15	26.4	-14.1
1972/10	17.8	16.5	17.4	18.2	18.5	11.9	17.4	16.8	15.3	9.6	24.1	-13.4
1972/11	11.8	10.6	12.7	12.5	12.3	3.7	10.9	10.5	8.3	0.7	21.7	-6.4
1972/12	7.9	6.3	8.5	7.8	8.1	0	6.5	6.8	4.1	-3	19.1	-2.5
1973/1	6.4	5.5	7.7	6.9	6.3	-2.7	5	4.7	2.2	-6.5	17	-0.8
1973/2	7.1	6.1	7.9	7.3	6.9	-2.3	5.5	4.7	2.3	-5.7	18.3	-4
1973/3	8.2	7.7	10.1	8.5	7.8	-1.9	6.7	5.6	2.5	-4.7	18.3	-7.6
1973/4	16.3	14.3	15.8	15.9	15.3	6.8	15	13.7	10.7	5.4	22.3	-9.1
1973/5	18.8	17.2	19	18.2	17.9	12.1	17.5	16.5	14.3	11.4	23.3	-11.3
1973/6	22.2	21.1	22	21.5	19.8	15.8	20.8	19.7	16.6	16.6	25.6	-14.5
1973/7	28.3	27	27.9	27.1	26.1	20.6	26.9	26.7	22.3	20.4	27.2	-20.3
1973/8	28.8	27.3	28.5	27.3	28.5	23	27.4	28	25.7	22.2	27.2	-22.9
1973/9	23.3	21.6	22.7	22.4	23.2	16.8	21.8	21.7	20.3	15.1	26.5	-17.3
1973/10	17.9	16.3	17.9	17.4	17.4	10.3	16.4	16.2	13.6	8	24.5	-11.4
1973/11	11.6	10.2	12.1	11.5	12.1	3.7	9.9	10	7.8	1.8	20	-6.3
1973/12	5.6	4.3	6.2	5.5	6.6	-1.9	3.7	3.9	2.2	-3.7	15.9	-2.2
1974/1	4.3	3.5	5.6	4.9	4.4	-3.3	2.4	1.7	-0.2	-7.8	16	-1.4
1974/2	5	3.9	6	5.2	5.1	-3.2	3.6	2.3	0.2	-6.9	16	-3.1
1974/3	8	6.9	9.1	7.9	7.3	-0.9	6.4	5.3	2.1	-3.5	17.4	-8.5
1974/4	15.3	13.5	14.9	14.9	14.8	6.4	13.7	12.6	9.1	4.8	20.4	-10.9
1974/5	20	17.8	19.3	19	19.3	12	18.3	17.5	14.1	11.3	23.7	-12.4
1974/6	23.5	20.5	21.7	22	21.9	16.1	22	20.9	17.6	15.8	25.5	-16.7
1974/7	25.8	24.4	25.1	25.2	23.4	19.9	24.1	23.9	19.8	20.5	27.3	-16.7
1974/8	28.1	26.7	27	27	27.1	21.3	27	26.2	23.4	20.5	27.8	-17.7
1974/9	23.1	21.7	22.8	22.6	22.8	17.3	22.1	21.2	19	15.6	26	-17.4
1974/10	18.2	16.8	18.6	17.9	17.8	10.5	16.5	16.2	13.8	8.1	25.2	-14
1974/11	11.7	10.4	12.4	11.7	11.7	3.1	10.1	9.4	6.1	0.6	21.5	-5.7
1974/12	7.6	6.6	8.3	8.2	6.7	-4	5.6	5.2	0.6	-7.1	19.2	-0.8
1975/1	4.8	3.7	6.1	5.4	4.7	-4.2	3.2	2.5	-0.1	-7.7	16.1	-0.3
1975/2	4.6	3.8	6	4.9	5.1	-4.4	2.8	2.4	-0.1	-8.5	16.2	-3.4
1975/3	8.4	7.2	9.6	8.6	7.9	-0.3	7.2	5.6	3.5	-3.4	17	-6.2
1975/4	14.8	13.6	14.5	14.4	14.3	7.6	14.1	12.5	9.9	5.7	21.6	-12.1
1975/5	19.3	17.4	18.4	18.2	18.6	11.9	17.8	16.6	13.9	11.2	23.1	-14
1975/6	23.4	21.5	22.3	22.4	21.6	16.5	22.2	20.9	17.7	16.4	25.7	-15.3
1975/7	27.6	26	28.3	26.5	25.6	19.9	26	25.7	21.5	19.6	27.5	-20.8
1975/8	27.7	26.9	28.1	26.3	27.3	22.3	26.2	26.3	24	21.3	27.3	-22.3
1975/9	25.9	24.8	25.6	25	25.2	18.6	24.5	24	21.1	16.6	27.3	-18.9
1975/10	18.5	17.6	19.7	18.7	17.3	10.4	17.1	16.7	13.8	8.3	25.6	-13.6
1975/11	13.4	11.8	13.3	13.6	12.7	4.8	12	11.4	9.2	1.9	21.5	-6.9
1975/12	7.7	6.6	7.8	8	6.7	-3.1	6	5.3	2.3	-6.7	17.2	-2.5
1976/1	5.2	3.6	5.1	4.7	5.4	-4.1	3.1	3	0.3	-7.4	14.9	-1.5
1976/2	7.8	6.6	8.6	7.8	6.8	-2.8	6.1	4.7	1.5	-5.7	17.8	-3.9
1976/3	8.9	8.1	9.3	8.9	9	0	8.1	6.1	3.6	-2.7	17.9	-6.7
1976/4	14.3	12.5	14.2	13.5	13	5.9	13.2	11.4	8.5	4.1	21.8	-11.5
1976/5	18.9	17.5	18.5	18.2	17.7	12.7	17.6	16.7	14.1	12.4	23.9	-15.1
1976/6	22.8	21	21.4	21.9	21.5	15.4	21.9	20.4	17.4	15.8	26.3	-19.5
1976/7	26.1	24.7	24.7	24.5	23.9	20.4	24.4	24.7	19.9	20.4	26.5	-21.4
1976/8	27.4	25.9	27.4	26.3	25.1	19.4	25.5	24.8	21	18	27.8	-23.2
1976/9	22.2	20.4	21.3	21.7	22	16.2	21.1	20.3	18.5	14.4	25.9	-21
1976/10	18	16.3	17.7	17.4	17.5	10.5	16.2	15.4	13.8	8.4	23.6	-16.1
1976/11	11.5	9.6	11	11.3	11.2	2.8	10.4	9.3	6.6	0.6	20.1	-6.7
1976/12	7.5	5.4	7.4	7.4	7.3	-2	5.7	5.3	1.7	-5	17.8	-0.1
1977/1	4	2.7	3.7	3.7	3.4	-7.5	2.3	0.8	-2.9	-12.2	15.8	1
1977/2	4.3	3	4.7	3.8	4.9	-5.5	2.6	1.7	-0.2	-10.3	14.9	-3.7
1977/3	9.9	8.4	10.3	9.5	9.3	-0.1	8.5	6.7	4.2	-2.6	18.9	-6.1
1977/4	15.5	13.8	15.3	15.1	15.1	5.2	14.2	12.1	8.6	3.2	21.7	-11.3
1977/5	19.5	17.5	18.5	18.7	18.7	11.2	18.1	16.8	12.7	10.7	24.5	-12.1
1977/6	22.7	21.3	21.8	21.8	20.9	15.9	21.7	20.7	17.2	16.3	26.4	-16
1977/7	28.1	26.2	27.5	26.7	25.8	21.3	26.6	26	21.9	21.8	28.5	-13.5
1977/8	27.8	25.8	26	26.9	25	20.3	26.7	25.1	22.1	19.2	28.1	-16
1977/9	25	23.6	24.1	24	24.3	17.4	23.9	23	20.4	15.6	27.4	-18.2
1977/10	19.7	18.4	19.4	19.2	18.7	11.3	18.6	17.4	14.6	8.7	25.1	-15.2
1977/11	14.6	12.7	14	14.2	14.8	5.2	13.4	12.5	10	2.8	21.4	-7.6
1977/12	9.5	7.9	9.8	9.3	8.9	-0.6	7.6	7.3	3.6	-4.4	19	-1.4
1978/1	6.2	5	7	6	5.6	-5.2	4.4	3.7	0.2	-8.8	15.9	-2.1
1978/2	4.9	3.8	6	4.8	4.2	-7.6	2.8	1.3	-1.8	-11.8	15.5	-3.8
1978/3	8.7	7.5	9.4	8.6	8.7	-0.7	7.3	5.7	3.3	-4.2	17.2	-9.3
1978/4	14.5	13	14.5	13.7	13.9	5.4	13	12	8.3	4.6	20.6	-11.3
1978/5	19.7	18	19.3	18.7	19	12	18.7	17.5	13.6	11.4	23.2	-11.7
1978/6	23.8	21.9	23.8	22.5	23.8	17.8	22.9	22.1	18.8	18.3	26	-16.9
1978/7	28.8	27.8	28.7	27.6	27.8	23.2	27.7	27.5	24.3	23.9	27.6	-14.7
1978/8	29.6	27.7	28.3	27.7	28.9	23.2	28.1	27.5	24.7	22	26.9	-21.3
1978/9	25.2	23.8	24.5	24.5	22.2	17	23.5	21.9	19.2	14.7	27.1	-15.2
1978/10	18.6	16.6	18	18	17.3	9.7	17.3	16	13	7.5	24.8	-13.7
1978/11	13.1	11.8	13.2	13.3	12.9	4.5	11.7	10.7	7.7	1.4	21.4	-7.2
1978/12	9	7.6	9.4	9	8.5	-1	7.3	7.2	4.7	-4.2	18.4	-1.6
1979/1	7.2	5.8	7.7	7.2	6.6	-5.3	5.6	5	1.9	-7.8	17.2	-0.4
1979/2	8.5	6.4	8	8.3	8.4	-2.6	7.2	5.8	3.2	-5.6	17	-3.3
1979/3	9.2	8.2	9.9	9	9.9	-0.6	8.2	6.7	4.1	-3.7	18.3	-6.7
1979/4	13.9	12.9	14	13.8	13.9	4.6	13	11.1	8.7	2.8	20.9	-9.2
1979/5	19	17.2	18.1	18.4	18.6	10.9	18.1	15.9	14.1	10.4	21.8	-13.8
1979/6	24.5	22.3	23.6	23.2	24.4	17.5	23.6	23.3	20.4	17.3	26	-18.5
1979/7	26.5	24.8	26.3	25.5	25.2	19.4	25.2	24.4	21.4	19	28.8	-20.5
1979/8	29.1	27.2	27.9	27.5	27.4	22.1	27.4	26.1	24.3	21.3	27.7	-19.4
1979/9	24.7	23.6	24.6	23.9	24.1	16.9	23.8	22.2	20.3	14.6	27.2	-18.7
1979/10	19.7	18.3	19	19.3	19.6	12.5	18.5	17.3	15.9	10.5	23.5	-14.4
1979/11	13.9	11.3	12.5	13.1	14.3	4.7	12.6	11.8	9.7	1.6	20.6	-4.9
1979/12	9.2	7.4	9.3	9.3	10.1	0.9	7.9	7.7	4.8	-1.7	18.7	-1.2
1980/1	5.7	4.5	6.2	5.5	5.6	-3.9	4.1	3.1	0.8	-7.2	16.3	0.6
1980/2	4.8	3.5	5.1	4.7	5.2	-5.7	3.4	1.8	-0.9	-9.4	15.1	-3.2
1980/3	8.5	7.8	9.6	8.6	8.2	-0.5	7.9	5.7	3.2	-2.9	19.1	-4.1
1980/4	13.9	12.3	14	13.7	13.6	4.1	12.9	11.1	8.3	2.4	20.5	-6.2
1980/5	19.5	17.7	18.7	18.7	19.2	12.3	18.4	17.7	14.4	11.9	23.9	-9.9
1980/6	23.9	21.8	23.1	22.9	23.6	17.6	23.1	21.8	19.3	18.2	27.6	-12.3
1980/7	25.8	23.6	24.9	25.1	23.8	19.4	24.8	22.9	19.4	19.1	28.7	-13.5
1980/8	26.6	24.3	24.5	25.3	23.4	19	25.1	24.2	19.9	18.2	28.8	-17.2
1980/9	23.3	21.9	22.4	22.7	23	16.9	22.5	21.1	19	15.1	27.3	-15.7
1980/10	18.7	16.8	18.1	18.3	18.2	10.8	17.2	15.7	14	8.3	24.2	-12.7
1980/11	13.7	12	13.5	13.1	13	5.1	12.1	11.7	8.8	2.6	21.8	-4.2
1980/12	6.8	4.8	6.4	6.4	7.7	-0.3	5.1	4.7	3	-4.1	16.8	-0.5
1981/1	3.7	2.1	4	3.7	4.4	-4.9	1.8	0.9	-0.7	-10.2	15	-1.2
1981/2	5.1	3.8	6.1	5	5.3	-3.2	3.6	2.1	1	-7.5	16.3	-2.6
1981/3	9.3	8.1	10.2	9.3	9	-0.5	8.2	6.2	3.2	-3.4	18.9	-4.9
1981/4	14.4	12.6	14.6	14.3	13.9	6.6	13.4	11.9	9.1	5	21.6	-8.8
1981/5	18.5	16.6	18.6	17.8	17.5	10.3	17.5	15.8	12.3	9.8	22.6	-11.7
1981/6	23.2	21.5	22.8	22.3	20.2	14.9	21.7	20.7	14.9	15.7	26.1	-14.8
1981/7	28.3	26.6	28.5	27.2	26.3	21	26.8	26.6	22	21.2	28.1	-14.1
1981/8	27.4	25.9	27.4	26.6	26.2	20.9	26.1	25.5	22.3	19.8	28.6	-16.1
1981/9	23.1	21.4	23.1	22.5	21.8	16.2	21.5	20.9	17.6	14.5	26.8	-18.1
1981/10	17.6	16.3	18.1	17.5	17.6	11	16	15.5	13.6	8.7	24.5	-15.5
1981/11	11.1	10	11.7	11.3	10.4	1.8	9.2	9	5.6	-0.4	21.1	-6.6
1981/12	7.6	6.2	8.2	7.6	7.6	-0.2	5.6	6.1	3.2	-2.7	17.3	-1.8
1982/1	5.3	3.9	5.9	5.4	5.8	-4.4	3.9	2.9	0.4	-8.1	15.6	-1.6
1982/2	5.5	4.6	6.7	5.8	5.5	-4.6	4.3	2.8	-0.2	-9	16.9	-4
1982/3	9.7	8.9	10.7	9.9	9.9	0.7	8.9	7.2	4.2	-1.4	19.8	-6.2
1982/4	14	13.1	14.2	13.6	14	6.1	13.5	12	8.9	4.8	20.2	-9.4
1982/5	20.5	19.1	20.3	19.4	20.7	13	20.2	18.5	15.1	12.4	24.7	-12.9
1982/6	22.3	21.6	22.1	21.8	21.4	15.8	21.9	20.3	17.3	15.6	25.5	-14.8
1982/7	24.7	23.8	24.8	24	23.1	20.4	23.4	23.9	19.9	20.3	28.6	-17.8
1982/8	27.2	26.5	27.1	26.3	27.1	22.8	26	25.7	23.6	22.5	28	-22.4
1982/9	22.9	21.6	22.4	22.5	22.3	17.8	22.1	20.8	19.1	15.8	26.7	-20.4
1982/10	18.4	17.4	18.7	18.1	18	12.5	17.2	16.7	14.4	9.9	24.2	-15.5
1982/11	14.5	13.2	14.9	14.7	14.3	5.9	13.4	12.4	9.2	3	22.5	-5.9
1982/12	8.6	7.3	8.6	8.6	9.5	0.3	7.1	7	4.5	-2.3	18.1	-0.7
1983/1	6.1	5.1	6.7	6.2	6.2	-2.9	4.8	3.6	1.1	-6.8	17.1	0.3
1983/2	5.6	4.5	6	5.3	6.1	-4.5	4.3	2.4	-0.1	-8.4	15.9	-3
1983/3	8.7	8.2	10.1	8.9	8.6	0.1	8.2	6.4	3.4	-3.1	18.4	-7
1983/4	16.5	15.2	16.3	16.2	15.9	9.5	15.7	14.5	11.3	8.6	23	-10.6
1983/5	20.1	18.7	19.4	19.1	19.7	12.4	19.3	17.7	14.2	11.7	24.3	-12.2
1983/6	22.5	21.7	22.1	21.9	20.5	13.6	21.8	20.3	15.9	12.8	26.3	-13.6
1983/7	26.7	25	26.9	25.9	23.8	18.2	25.4	23.8	19	18.2	28.7	-16.2
1983/8	29.4	28.1	28.1	28.7	27.5	22.3	28	27.2	23.5	21.5	28.6	-19.3
1983/9	24.9	23.6	24.8	24.6	23.1	17.7	23.9	23.2	20.1	15.5	28.2	-14.2
1983/10	17.9	16.9	19.1	18.1	17.7	9.7	17.2	15.6	12.8	6.7	26.2	-12.4
1983/11	12.6	10.9	12.4	12.2	12.3	5.1	11.2	10.3	6.9	2.4	21	-8.4
1983/12	6.9	5.8	7.4	6.9	7.1	-1.8	5	4.6	1.8	-5.5	17	-3.5
1984/1	3.6	2.8	4.1	3.8	3.7	-4.7	2.1	1.4	-1.6	-9	15.2	-0.1
1984/2	3.3	2.4	4.4	3.5	3	-5.6	2.1	0.5	-2.1	-10.4	15.6	-3.1
1984/3	6	5.9	7.6	6.4	5.9	-2.2	4.8	3.5	0.8	-4.5	17.5	-6
1984/4	13.7	13.1	14.5	13.4	11.6	5	12.9	10.6	6.1	3.5	20.7	-9.7
1984/5	18.9	18	18	18.3	17.2	11.4	18.4	16	11.9	11.9	23.2	-11.3
1984/6	24	22.5	23.8	23	21.8	18.2	22.8	22.2	17.1	18.8	27	-18.1
1984/7	27.5	26.7	27.8	26.9	26.2	22.1	26.6	26	21.9	22.7	28.5	-21.8
1984/8	29.4	28	28.6	28.4	28.6	23.6	28.5	27.9	25	22.4	28.2	-19.4
1984/9	24.1	22.7	23.7	23.6	23.5	17.7	23.3	22.1	19.5	15.5	27.3	-16.6
1984/10	17.8	16.8	18.1	18	17.7	10.3	17.2	15.7	12.9	7.3	24.3	-15.2
1984/11	13.6	12.4	14.4	13.9	12.2	3.7	12.1	10.9	7	1	22.3	-7.4
1984/12	7.9	6.8	8.3	7.9	7.7	-2.1	6.4	5.5	2.1	-4.8	18.3	-0.4
1985/1	4.3	3.7	4.7	4.6	4.1	-6.9	2.8	1.2	-2	-12.3	16.2	0.6
1985/2	6.6	5.6	7	6.2	6.5	-2.2	5.3	3.6	1.7	-4.8	17.3	-2.2
1985/3	9.3	9	10	9.5	7.8	-0.1	8.9	6.4	3.1	-2.1	19.4	-6.7
1985/4	15.5	13.8	14.5	15.1	14.2	7.6	14.7	12.7	9.3	6.8	20.2	-6.8
1985/5	20.1	18.8	19.5	19.6	19.1	12.4	19.4	18	13.8	11.9	24.6	-13.5
1985/6	22.5	21	22	21.9	20.2	15.5	21.6	20.3	16.9	15.3	25.9	-13.8
1985/7	27.6	26.2	28	26.5	26.3	20.3	26.7	25.4	22.4	20.3	28	-17.3
1985/8	29.2	28.1	29.3	27.6	27.9	24.6	27.7	28.9	25.7	23.6	27.5	-21.8
1985/9	25.3	24.2	25.4	25.2	23.1	17.1	23.9	22.8	19.7	14.8	27.3	-16.6
1985/10	19	17.9	19.3	19.2	17.9	10.9	17.6	16.5	13.6	8.5	25.4	-13.3
1985/11	12.8	11.6	12.7	12.7	13.3	4.1	11.3	10.9	8.4	2.1	20.5	-7.6
1985/12	6.6	5.2	6.7	6.6	7.4	-3.5	5.5	4.7	2.2	-6.7	17.7	-2.5
1986/1	4.2	3	4.5	4.1	4.5	-5.8	2.7	1.4	-0.6	-9.9	15	-1.4
1986/2	3.8	3.1	4.7	4.2	4.3	-5.5	2.6	1.1	-1	-9.3	14.6	-1
1986/3	8.3	7.8	9.4	8.4	7.8	-0.4	7.8	5.9	3.2	-3.2	17.1	-4.7
1986/4	14.8	13.7	15.2	14.9	13.9	6.9	13.9	12.3	8.6	5.6	21.3	-9.8
1986/5	18.6	17.6	18.9	18.5	17.9	11.4	17.9	16.6	13.4	10.6	23.4	-14.2
1986/6	23	22	22.9	22.6	21.1	16.1	22.1	20.7	16.8	16.3	26.5	-16.8
1986/7	26.4	24.9	25.6	25.7	23.9	18.2	24.9	23.3	19.6	18.6	28.8	-18.4
1986/8	28.2	27.1	27.8	27.6	26.8	22.3	27.3	27.1	22.8	22	28.3	-18
1986/9	24.5	22.8	23.7	24.1	23.7	18.1	23.9	22.5	20.5	15.8	27.3	-14.6
1986/10	17	15.7	17	17.1	17.1	8.9	16.2	15.2	12.3	6.6	23.8	-13.7
1986/11	12.4	11.5	12.6	12.8	12.3	3.5	11.4	10.5	6.7	1.2	21.4	-6
1986/12	8.9	7.9	9.6	9	8.5	-1.5	7.6	7.4	4	-5.3	18.4	-1.7
1987/1	6.2	5.4	7.3	6.8	5.8	-4.9	4.5	3.7	0.1	-8.3	16.1	0
1987/2	6.5	6.1	7.9	6.6	6.8	-3.8	5.4	4.5	1.2	-7.5	16.6	-2.4
1987/3	8.9	8.2	9.7	9	9.3	-0.1	8.3	6.5	3.8	-2.2	19.3	-5
1987/4	14.2	13	14.4	13.9	14.4	6	14.3	12.2	8.3	4.2	21.8	-7.8
1987/5	19.3	18.2	19	18.7	19.3	12	18.6	17.3	13.6	11.9	24.4	-12.6
1987/6	23.8	22.4	22.5	22.8	22.1	17.3	23	21.7	17.9	16.9	25.9	-12.2
1987/7	27.6	25.4	26.8	26.7	27	20.6	26.8	26.1	22.2	20.1	28.7	-18.1
1987/8	28.7	26.5	27.2	27.6	27.3	20.6	27.8	26.5	22.6	19.6	28.7	-21.7
1987/9	24.4	22.4	22.8	23.6	23.3	17.8	23.6	22.4	19.8	16.5	27.2	-19.8
1987/10	19.6	18.7	19.9	19.4	18.9	11.9	18.7	17.4	14.7	9.6	26.1	-13.7
1987/11	13.4	12.6	14.4	13.9	12.8	3.6	12.4	11.2	8.1	1.1	23.1	-5.3
1987/12	8.7	7.5	9	8.4	8.1	-2.3	7.4	7.2	3.7	-4.8	18.7	-1.3
1988/1	7.2	6	7.6	7	7.7	-3.8	5.6	4.8	1.6	-5.8	18.5	-0.1
1988/2	5	5	6.4	5.3	4.9	-5.2	3.4	2	-1.1	-9.3	17.6	-3.2
1988/3	8.4	8.1	8.9	8.3	8.4	-0.1	7.8	5.6	3.3	-2.5	19.2	-4.7
1988/4	14.3	13.6	14.4	13.9	14.3	7.1	13.8	11.8	9.1	5.2	20.6	-11
1988/5	19	18.3	19.2	18.4	18.2	11.4	18.2	16.5	13.5	10.8	23.6	-11.1
1988/6	23.3	22.8	22.5	22.5	22.3	16.6	22.3	20.8	17.7	17.6	27.4	-14.4
1988/7	26	26.8	26.5	25.5	22.4	18.3	24.8	23.4	18.4	18.8	29.7	-16.6
1988/8	27.9	27.4	26.8	26.8	27	22.9	27.2	26.7	24.1	22.6	28.3	-17.9
1988/9	24.8	24.2	23.8	24.4	22.8	17.6	24.2	22.5	19.6	15.7	27.7	-16.2
1988/10	17.8	17.5	18.5	17.9	17.5	10.9	16.6	15.6	13.4	8.2	25	-12.1
1988/11	11.5	10.3	12.2	11.7	11.4	2.9	9.6	8.8	6.4	-0.6	20.1	-7.3
1988/12	7.6	6.5	8.5	7.3	8.4	-0.4	5.9	5.7	3.4	-3	17.9	-2.4
1989/1	7.8	7.4	9.1	8.1	8.1	-1.9	6.6	5.9	2	-5.6	17.8	-1.1
1989/2	7.6	7.1	8.7	7.8	7.5	-1.4	6.9	5	2.6	-4.7	17.7	-2.2
1989/3	9.5	9	10.3	9.7	9.6	2.4	9.1	7.6	5.4	0.6	17.8	-6.2
1989/4	15.5	15.3	16.2	15.2	15.6	7.3	14.9	12.8	10	5.8	21.3	-11.9
1989/5	18.8	18.5	18.4	18.2	17.7	11.4	18	16.9	13.4	11.1	23.7	-21.1
1989/6	22.6	22.1	21.8	21.9	20.7	15.2	21.6	20.2	16.3	15.1	26.6	-18.6
1989/7	26.7	26.8	26.3	25.7	24.1	21	25.2	24.8	20.7	21.9	28.6	-18.5
1989/8	28	27.4	27.3	27.1	27.1	23	27.6	26.1	23.8	22	28.1	-19.9
1989/9	24.9	24.1	24.3	24.2	25.2	18.4	24.5	22.6	20.3	16.4	27.5	-22.8
1989/10	18.2	17.2	18.3	17.9	17.5	11.8	17.4	15.8	13.8	9.4	24.4	-12.1
1989/11	14.1	13	13.7	14	14.2	6.6	13	12	10.1	4	21.3	-6.7
1989/12	8.5	8	9.6	8.8	9.2	-0.6	7.1	6.4	3.9	-4.3	17.9	-0.8
1990/1	5.7	4.8	6	6	5	-4.9	4.2	2.9	-0.4	-8.5	16.5	0.1
1990/2	8.7	8.6	10.2	8.8	7.8	-0.7	8.5	6.1	3.4	-3.6	18.5	-3.4
1990/3	10.4	10.3	11.4	10.6	10.6	2.9	9.6	8	5.4	0.2	19	-5.9
1990/4	14.9	14.4	14.8	14.7	14.7	7.9	14.4	12.9	9.6	6.6	20.2	-11.1
1990/5	19.1	19.1	19.3	18.8	19.2	13.4	18.7	17.3	15	12.7	23.8	-14.4
1990/6	24.5	24	24.2	23.5	23.5	17.7	23.7	22.7	19.3	17.7	27.2	-16.9
1990/7	28	28.1	28.3	27.5	25.7	20.8	26.9	26.5	21.6	21.5	29.3	-11
1990/8	29.5	29.2	29.6	28.7	28.6	23.1	28.4	27.9	25.2	21.8	29	-21.7
1990/9	25.4	24.9	25.4	24.9	24.8	18.7	24.6	23.6	21.5	16.3	27.4	-23.5
1990/10	18.9	18.2	18.7	19	19.2	13	18.4	17	15.4	9.9	24.2	-11.3
1990/11	14.8	14.2	15.2	15.1	15.1	7.5	14.1	13.5	10.9	4.6	22.4	-6.8
1990/12	9.4	7.9	8.7	9.2	10	1.9	7.8	7.8	6	-0.4	18.9	-1
1991/1	6.4	5.6	7	6.4	6.3	-1.2	4.6	3.4	1.2	-4.5	17.3	-0.9
1991/2	5.8	5	6.1	6	6.5	-2.8	4.2	3.2	1.1	-6.8	16.4	-1.7
1991/3	10.2	10.2	10.4	10.2	9.5	0.3	9.7	7	4.5	-1.9	20.5	-6.5
1991/4	15.9	15.2	14.6	15.4	15.4	8	15.2	13	10.2	6.7	22.1	-11.1
1991/5	19.2	18.3	18.3	18.5	18.8	13.8	18.6	17.3	14.7	12.9	24.6	-11.2
1991/6	24.4	23.6	23.5	23.2	23.6	18.8	23.8	22.7	20	18.6	28.8	-14.9
1991/7	28.1	26.9	27.4	27	26.7	20.2	26.6	25.2	21.2	19.5	29.5	-15.2
1991/8	28.1	27.7	26.2	27.2	25.5	21.5	26.8	25.5	21.8	20.5	28.9	-17.5
1991/9	25.6	25.2	24.4	24.9	23.9	18.4	24.8	23.1	20.3	16	27.9	-16.9
1991/10	18.7	18.4	18.3	18.5	18.1	12.7	17.9	16.9	15.1	10.4	24.4	-16.1
1991/11	13.3	12.2	13.1	13.3	13	4.7	12.2	11.1	8.1	2	21	-7
1991/12	9.8	8.9	10	9.8	9.2	-0.9	8.2	8	3.9	-3.9	19.3	0
1992/1	7.4	6.5	7.8	7.4	6.8	-2.4	6	5.1	2	-5.9	17.2	0
1992/2	6.5	6.2	7.6	6.6	6.9	-2.5	5.3	4.5	1.7	-6	16	-2.7
1992/3	10.5	10.1	10.8	10.2	9.7	1	10.1	7.3	4.3	-1.8	20.8	-5.5
1992/4	15.3	15.3	15.4	15.1	15.1	6.9	14.6	12.6	9.3	5.3	21.6	-8.8
1992/5	18.3	18.2	18.9	18.2	17.3	11.7	17.4	15.5	12.6	11.3	23.7	-12.2
1992/6	22.4	22.2	21.4	21.4	20.6	16.4	21.7	20.2	16.9	16.3	26	-12.6
1992/7	27	26.4	26.5	26	25.5	20.7	26.6	24.9	21.7	19.9	28.2	-16.1
1992/8	28.2	27.7	26.7	27	27	21.1	27.4	26.5	22.8	20	28.6	-17.8
1992/9	24.5	24.1	24.6	24.2	23.3	16.2	23.8	22.3	19	14.3	27.4	-20.9
1992/10	19.2	18.2	18.5	18.9	17.3	11.6	17.8	16.7	14.3	8.7	24.6	-14.1
1992/11	13.4	12.3	13.2	13.2	13	4.8	12	11.6	9.3	2.6	21.3	-6.4
1992/12	9.6	8.2	10	9.6	9.4	0.1	7.7	7.2	4.3	-3.4	19.1	-2.2
1993/1	6.9	6.5	7.5	7.2	6.2	-1.7	5.9	4.8	2	-5.4	17.4	0.4
1993/2	7.5	6.8	8.3	7.7	7.7	-2.1	5.9	5.4	2.7	-4.8	17	-3.7
1993/3	8.7	8.4	9.8	8.8	8.7	1.3	8	6.2	3.9	-1.4	18.3	-7.3
1993/4	14.4	14.2	14.6	14.3	13.4	6.2	13.3	11.2	8.4	4.5	20.7	-12.7
1993/5	18.9	18.5	18.8	18.3	18.1	11.9	18	16.2	13.5	11.1	24.6	-16.2
1993/6	22.7	22.4	22.9	22.3	21.7	15.4	21.6	20	17.6	15.4	27	-19.4
1993/7	25.4	25.2	25.1	24.6	22.5	19.1	23.6	23.5	18.2	19	29.1	-21
1993/8	26.6	25.7	25.2	25.8	24.8	20	25.2	23.7	21	19.7	28.9	-20.5
1993/9	23.3	22.9	22.6	22.8	22.9	17.5	22.2	20.9	19.3	15.6	27.5	-17.9
1993/10	17.9	16.9	17.7	17.6	17.5	11.5	16.8	15.8	13.5	8.9	24.9	-13.8
1993/11	14.7	13.2	14.4	14.4	14.1	5.8	13	12.9	10	2.9	22.8	-7.6
1993/12	8.4	7.8	8.9	8.7	8.5	-0.1	6.9	6.7	3.6	-3.4	18.8	-1.6
1994/1	6.1	5.5	7.1	6	5.5	-4.7	4.7	3.9	0.8	-8.8	17.3	-0.8
1994/2	6.2	6	7.2	6.6	6.6	-1.3	4.6	3.4	2.1	-4.5	17.1	-4.7
1994/3	8.3	7.9	8.9	8.3	8.1	-0.5	7.4	5.4	3.3	-2.7	17.1	-7.5
1994/4	16.5	15.9	15.8	16.2	15.8	7	15.4	13.3	9.8	4.7	22.4	-10.6
1994/5	20.7	20	20.5	20.1	19.5	13.5	19.8	18.3	14.5	12.8	23.4	-13.9
1994/6	24.2	23.2	22.3	23.2	22.4	16.9	22.9	21.2	17.9	16.6	26.9	-13.5
1994/7	29.9	30.1	29.6	29.3	28.3	22.2	28.9	27	23.3	21.9	29.4	-14.1
1994/8	30.2	29.8	29.8	29	28.9	24.8	29.3	28.7	25.7	23.9	28.7	-20.8
1994/9	26	25.4	24.6	25.3	24.8	19.8	24.9	23.7	21.7	17.7	26.8	-17.2
1994/10	20.8	19.4	19.7	20.2	20.2	12.4	19.8	18.6	15.8	9.8	24.4	-12.3
1994/11	14.6	14	15.2	14.5	13.4	5.4	13.3	12.4	8.7	3.1	22.5	-6.5
1994/12	9.3	8.7	10.1	9.4	9	-1.4	7.7	7.6	3.3	-4.7	20.2	-2.2
1995/1	6.1	5.2	6.9	6.1	6.3	-3.3	4	3.2	0.2	-7	16.4	-2.3
1995/2	6.2	6	7.1	6.3	6.5	-2.3	5.3	3.9	1.4	-6.4	15.7	-2.9
1995/3	9.8	9.6	10.1	10	8.9	0.9	8.9	7.2	4	-1.4	17.6	-8.9
1995/4	14.6	13.9	14.4	14.3	15	7.3	13.5	12.9	10.4	6.2	22.1	-8.9
1995/5	18.9	18.5	18.4	18.7	19.1	13.3	18.3	16.8	15	13.2	23.3	-15
1995/6	22.1	21.7	21.7	21.8	20.4	15.6	21.5	19.5	16.7	16.3	26.3	-20.9
1995/7	27.5	27.2	27.4	26.6	26.4	21.5	26.5	25.3	22.7	21.1	28.5	-14.1
1995/8	30.3	29.7	29.3	29.3	29.4	21.3	30.1	28.1	24.4	20.1	29	-22.6
1995/9	24.2	23.3	23.5	23.9	23.7	17.4	23	21.6	19.5	15.3	27.8	-21.7
1995/10	19.9	18.7	19.2	19.3	19.5	13.1	18.7	17.9	15.9	10.1	26.1	-12.2
1995/11	12.1	10.7	12.3	11.9	12.7	5.5	10.1	10	8.3	3.4	21	-7.5
1995/12	7.2	6.4	7.4	7	7.7	0	5.2	5.2	2.9	-2.7	17.8	-2.3
1996/1	6.3	5.4	6.5	6.3	6.6	-3.7	4.5	4	0.4	-6.5	17.1	-1.4
1996/2	5.2	4.5	6.1	5	5.4	-3.4	3.8	3.3	1.1	-6.1	16.3	-2.2
1996/3	8.9	8.4	9.9	9.1	9.2	0.5	7.8	6.3	3.7	-1.9	19	-7.1
1996/4	12.7	11.8	12.5	12.6	12.7	5.8	12	10.4	7.5	4.2	19.5	-11.2
1996/5	19.6	19.5	19.4	19.4	18.1	10.5	18.4	16.5	13	10.2	22.4	-16.3
1996/6	23.4	23.2	23.9	23	22.6	15.7	22.7	21.4	17	16	27.5	-16.3
1996/7	27.5	27.6	27.1	26.7	26.2	20.4	26.9	25.5	21.5	20	29.4	-14.6
1996/8	28.3	28.2	28.2	27.7	26	20.9	27	26.5	22.1	20	28.1	-15.9
1996/9	23.3	23.7	23.8	23.4	22.4	18.2	22.5	21.6	19.3	15.9	27.9	-11.8
1996/10	18.5	18	19	18.3	18	11.5	17.3	16.5	14.3	9	24.6	-10.9
1996/11	13.7	13.1	14.2	13.8	13.2	4.1	12	11.2	8.2	1.1	23.2	-5.9
1996/12	8.7	7.1	8.6	8.4	9.3	-0.7	6.9	6.8	4.3	-4.2	18.1	-1.5
1997/1	6	5.3	6.2	6.1	6.8	-2.5	4.3	3.9	1.3	-6.7	16.5	-1.1
1997/2	5.8	5.7	7.7	6.2	7	-1.8	4.8	3.7	1.8	-4.7	17.1	-2.7
1997/3	10.1	10.4	11.3	10.5	10.5	0.2	9.6	7.8	4.8	-2.2	19.9	-6.7
1997/4	15.1	14.8	15.3	15	15.2	7.2	14.7	12.2	9.7	5.3	22	-8.1
1997/5	19.9	19.6	20.4	19.6	19.2	11.9	18.9	17.8	13.9	11.2	24.6	-15
1997/6	23.7	23.7	23.6	23	22.7	15.8	22.7	21.5	17.8	16.7	26.1	-15.2
1997/7	26.7	26.3	26.6	26	26.6	22	25.8	25.1	22	22.3	28.4	-20.4
1997/8	28.5	28	28	27.8	27	20.5	27.4	26.7	23.3	18.9	27.8	-18.1
1997/9	24.3	23.6	23.3	24	22.9	17.1	23.6	21.5	19.3	14.9	26.8	-23.6
1997/10	18.2	17.6	18.6	18	18.7	10.8	16.9	16.3	13.8	8.5	24.3	-13.3
1997/11	14.1	13.7	14.9	14.4	14.3	7.1	12.8	12.2	9.8	4.7	22.6	-7.5
1997/12	8.9	8.6	9.5	9.3	9.2	0.4	7.7	7.1	4.1	-2.6	19.7	-0.1
1998/1	5.9	5.5	6.6	6.1	5.3	-5.9	4.5	3.9	-0.5	-9.5	18.7	-0.2
1998/2	7.8	7.9	9.4	7.9	7	-3.6	6.8	5.3	1.5	-7.9	18.5	-2.3
1998/3	10.6	10.3	10.9	10.8	10.1	1.6	9.8	7.7	5	-1	20.2	-4.1
1998/4	17.7	17.4	17.6	17.2	16.3	9	17.2	14.7	10.5	8.1	23.5	-10.3
1998/5	21.6	21.1	21.1	21.1	20.5	13.5	20.3	19.1	15.2	13.4	26.1	-11.7
1998/6	23.3	23.2	22.9	22.8	21.5	15.5	22.4	21.1	16.9	15.5	27.4	-14.1
1998/7	27.8	27.5	27.6	27.3	25.3	20.3	26.8	25.6	20.7	19.9	29.5	-16.4
1998/8	29.4	29	29.2	28.9	27.2	21.1	28.5	26.4	22.5	20.2	30.1	-22.2
1998/9	25.6	25.7	25.7	25.3	24.4	19.2	24.7	23.9	21.5	17.2	28.4	-16.4
1998/10	20.8	20.5	20.8	21.1	20.1	13.2	19.9	19.3	16.2	10.3	26.7	-14
1998/11	13.7	13	14.3	13.9	13.9	3.2	12.1	12.2	8.2	0.9	23	-6.1
1998/12	9.8	9.5	10.6	10.1	9	-1.7	8.2	8.1	3.8	-4.7	20.2	-2.7
1999/1	6.4	5.8	7.3	6.7	6.6	-3.2	4.7	4.5	1.1	-6.4	18	-1.2
1999/2	5.9	5.6	7.2	6.3	6.7	-3.6	4.8	3.9	1.4	-6.5	17.4	-3.8
1999/3	10.6	10.4	11.3	10.5	10.1	-0.5	9.9	8.3	4.3	-2.9	20.9	-7.5
1999/4	14.7	14.7	14.8	14.8	15	6.9	14.4	12.4	10.2	4.8	21.7	-11
1999/5	20.5	19.9	19.7	20	19.9	11.9	19.5	17.9	15.5	11.1	23.7	-12.7
1999/6	23.5	23.3	23.2	23.2	22.8	17.8	22.8	21.3	18.7	17.8	27.5	-13.8
1999/7	26.8	26	25.3	26	25.9	22.1	26	25.3	22.4	21.7	28.3	-21.1
1999/8	29.1	28	27.6	27.6	28.5	24.9	27.9	28	24.8	23.9	28.4	-21.2
1999/9	27.2	26.2	26.2	26.3	26.2	19.7	25.8	25.1	21.9	17.4	28.2	-19.4
1999/10	20.1	19.6	19.9	20.1	19.5	11.9	19.2	17.9	15	9.1	26.3	-14.6
1999/11	14.1	12.9	13.8	13.9	14.2	5.5	12.8	12.3	9.5	3	22.6	-7.4
1999/12	8.7	7.6	8.6	8.2	9	-1.1	6.8	6.8	3.3	-4.7	18.4	-3.5
2000/1	7	6.7	7.7	6.9	7.6	-3.1	6.1	5.3	2.5	-7.6	17.9	-2.3
2000/2	4.9	4.7	6.1	5.3	6	-3.8	3.5	2.8	1	-8.9	16.2	-4.2
2000/3	8.9	8.8	10.4	9.3	9.4	0.2	7.6	6.5	3.8	-2.8	18.6	-11.7
2000/4	14.6	14.1	15.1	14.2	14.5	6.1	13.8	12.3	9.2	4.2	20.7	-11
2000/5	20.7	19.5	19.4	19.5	19.8	14	19.9	18.1	15	13.9	23.1	-15.7
2000/6	23.3	23	23	22.2	22.5	16.7	22.6	21.6	18.6	16.7	27.2	-11.8
2000/7	28.7	27.9	28.2	27.1	27.7	22.2	28	26.9	23.1	22.1	28	-19.1
2000/8	29.6	28.6	28.6	28.4	28.3	23.9	28.8	28.4	24.5	23	27.9	-17.4
2000/9	25.8	24.4	24.4	24.9	25.6	18.6	24.9	23.7	21.4	16.8	26.3	-17.8
2000/10	19.7	19.1	19.7	19.6	18.8	11.6	18.9	17.1	14.8	9	26.2	-12.9
2000/11	14.6	13.6	14.5	14.4	13.3	3.9	13.7	11.9	8.2	1.1	23.4	-5.8
2000/12	8.8	7.9	9.6	8.6	8.8	-2.5	7	6.7	2.5	-6	19.9	-1.3
2001/1	5.2	4.2	6.2	5.2	4.9	-5.7	3.6	2.5	-1	-9.9	17.7	-1
2001/2	6.6	6.1	7.7	6.5	6.6	-5.5	5.5	4	0.1	-8.2	18.7	-2.2
2001/3	9.7	9.3	10.9	9.8	9.8	0.2	8.5	7	4.1	-2.9	18.3	-6.6
2001/4	15.5	15.1	15.3	14.7	15.7	8.3	14.8	13	10.5	6.1	21.2	-11.7
2001/5	20.6	20	20.1	19.8	19.5	13.4	19.9	18.8	14.4	13.1	23.5	-13.8
2001/6	24	23.3	23.6	23.2	23.1	16.7	23.3	21.4	18.3	16.2	27.8	-17.7
2001/7	29.2	28.2	27.8	27.7	28.5	20.7	28.5	27.3	23.4	20.4	29.9	-18.1
2001/8	28.8	28.4	28.5	27.8	26.4	21.1	27.4	27.2	21.4	20	29.6	-20.4
2001/9	24.4	23.8	24	23.8	23.2	17.1	23.7	21.9	19.6	14.8	27.5	-18.7
2001/10	19.5	18.7	19.8	19.5	18.7	12.1	18.4	17.5	14.7	9.1	25.6	-14.9
2001/11	13.2	11.6	13.2	12.4	13.1	5	11.6	11.3	8.2	2.8	21.8	-7.1
2001/12	8.3	6.8	8.3	8.1	8.4	-3.4	6.7	6.2	1.6	-6.6	19.2	-1.9
2002/1	7.2	5.9	7.9	6.9	7.4	-2.5	4.9	4.5	2	-6.6	17.1	-1.8
2002/2	7.3	6.6	8.4	7	7.9	-0.6	6.1	5.1	2.5	-3.8	17.4	-3.4
2002/3	11.6	11	12.5	11.6	12.2	2.5	10.4	9	6.5	0	19.6	-6.8
2002/4	16.6	15.7	16.6	16.1	16.1	9.6	15.8	14.7	10.9	8.5	22.4	-9.9
2002/5	20	19.5	19.3	19.7	18.4	13.6	19	17.1	13.7	13.2	25.1	-10
2002/6	23.6	23.5	23.6	23.1	21.6	15.9	22.8	21.6	17.2	15.5	27	-14.5
2002/7	29	27.9	27.9	27.6	28	20.5	27.8	26.8	22.3	20.3	28.2	-13.4
2002/8	29	28.3	27.8	28	28	20.1	28.5	27.6	23.4	18.6	28.7	-17.5
2002/9	25.1	24.7	24.4	24.7	23.1	17.7	24	23	19.9	15.5	27.5	-16.4
2002/10	18.9	17.9	18.8	18.5	19	12	18	17.4	14.9	9.7	24.7	-11
2002/11	11.1	9.7	11.5	10.7	11.6	2.8	9.4	9.3	6	0.5	21.1	-7.1
2002/12	8.2	7.4	9.1	8.2	7.2	-3	6.7	6	2.3	-6.2	19.4	-2
2003/1	5.1	4.2	5.9	5.1	5.5	-3.6	3.8	3.7	0.7	-7.3	15.7	0
2003/2	6.8	6.3	8.3	6.7	6.4	-3.5	5.9	4.4	1.8	-8.2	18.1	-2.4
2003/3	8.4	8.3	9.9	8.5	8.7	0.7	7.9	6.3	3.8	-2.1	18.4	-4.7
2003/4	15.9	15.2	16.1	15.6	15.1	8.2	14.8	12.8	9.8	6.7	22.6	-7.7
2003/5	20.2	19.7	20	19.2	18.8	12.9	19.1	18.3	13.7	12.7	24.4	-12.9
2003/6	23.7	22.8	23.2	22.8	23.2	17.1	22.6	21.9	18.2	17.6	26.6	-12.4
2003/7	25.3	24.7	25.5	25.2	22.8	17.7	23.7	22.8	17.9	17.9	29.9	-16.7
2003/8	28.3	27.3	27.2	27.3	26	20.7	26.9	26	21.7	20.2	29.6	-16.8
2003/9	25.9	25	25.6	25.3	24.2	17.5	24.9	23.5	19.6	15.3	28.5	-15.2
2003/10	18.1	17.6	18.8	18	17.8	11.6	16.9	16.5	13.9	8.9	24.7	-13.3
2003/11	15.5	14.6	16.1	15.2	14.4	6.2	14.5	13.6	9.5	3	23.8	-5.6
2003/12	9.1	7.4	9.3	9.1	9.2	0	7.1	7.5	5.1	-3.5	18.7	-0.7
2004/1	5.8	4.7	6.1	6	6.3	-2.5	4.3	3.8	1.1	-6.6	16.8	0.3
2004/2	7.9	7.3	9	7.8	8.5	-1.3	6.2	5.5	2.5	-4.3	17.1	-2
2004/3	10.2	9.7	10.9	10	9.8	0.7	9.1	7.8	4.6	-1.7	19.2	-4.9
2004/4	16.4	15.5	16.2	16	16.4	6.6	15.6	13.4	9.8	4.5	21.9	-8.7
2004/5	21.1	20	20.5	20.8	19.6	13.8	20	18.6	14.2	13.5	25.5	-12.6
2004/6	24.8	24	24	23.6	23.7	18.5	24	22.5	18.6	18.3	26.7	-12.6
2004/7	29.5	28.9	28.7	28.6	28.5	21.3	28.6	27.3	22.6	21	28.8	-20.6
2004/8	28.4	28	28.6	27.3	27.2	21.9	27.5	27.4	22.8	20.5	29	-19.4
2004/9	26.2	24.7	24.6	25.3	25.1	18.4	25	24.2	20.5	16.3	27.6	-20.4
2004/10	19	18.1	19	19	17.5	12.5	18.3	17.3	14	9.2	24.9	-11.6
2004/11	15.2	13.9	15.1	15	15.6	7.2	14.1	13.8	11.3	4.4	22.6	-7.5
2004/12	10.2	8.8	10.7	10	9.9	-0.8	8.6	8.2	4.6	-4.2	20.2	0.2
2005/1	6.2	5.1	6.4	6.2	6.1	-3.5	4.6	4.2	1	-7.7	16.6	-0.5
2005/2	6.1	4.9	6.1	6	6.2	-3.9	4.8	3.4	0.2	-7.4	17.9	-1.8
2005/3	9.2	8.1	9.6	9.4	9	0.1	7.8	6.8	3.5	-1.8	17.2	-5.7
2005/4	16.2	15.6	16.7	15.5	15.1	6.2	15	13.7	9.9	4.2	21.5	-10.5
2005/5	19.5	19.2	19.4	19.6	17.7	10.7	18.3	16.4	12.5	9.5	24.2	-11.4
2005/6	24.9	24.5	24.8	24.2	23.2	18.3	24	22.9	18.7	18.6	26.6	-14.3
2005/7	27.5	26.9	27.6	26.7	25.6	20.1	26.7	25.3	20.7	19.8	29.2	-14.6
2005/8	28.7	27.9	28.4	27.9	28.1	23.5	28.1	27.7	24.3	22.3	29	-16.4
2005/9	26.1	25.6	26	25.6	24.7	18.8	25.5	24.3	21	16.1	28.2	-17.8
2005/10	19.8	19.3	20.5	19.8	19.2	13.2	19	18.1	15.6	10.4	26.2	-14.2
2005/11	13.7	12.5	14.4	13.7	13.3	5.5	11.6	11.6	8.8	2.9	22.8	-9.4
2005/12	5.9	4	6	5.4	6.4	-2.6	3.4	3.4	0.5	-6.8	17.2	-0.9
2006/1	5.5	5.3	6.9	5.8	5.1	-4.1	3.8	2.5	-0.2	-8.5	18.1	-1
2006/2	6.7	6.1	7.7	6.6	6.7	-2.7	5.5	4	1.5	-5.9	17.9	-4.3
2006/3	8.6	8.1	10.1	8.5	9.8	1.3	7.8	6.5	4.4	-1.1	18.4	-6.2
2006/4	13.6	13.2	14.6	13.7	13.6	5.2	13	11.3	8.1	3.2	21.2	-9.6
2006/5	19.7	19.2	19.2	19.3	19	12.9	18.7	17.4	14.3	12.1	24.8	-10.5
2006/6	24.3	23.4	23.2	23.1	22.5	15.7	23.3	21.4	18.3	16.1	26.8	-16.2
2006/7	27.2	26.6	27.3	26.4	25.6	20.6	26.2	24.3	21	20.6	29.1	-24.1
2006/8	29.8	29	29	28.9	27.5	24.3	28.5	28.3	24	23.4	29.2	-17
2006/9	24.6	23.4	23.3	24.1	23.5	18.5	23.9	22.2	19.9	16.2	27.8	-18.8
2006/10	20.4	20.1	20.6	20.2	19.5	11.7	19.5	18.1	15	9.2	26.1	-16
2006/11	14.8	13.6	15	14.4	14.4	6.2	13.2	12.5	9.3	3.7	22.9	-6.7
2006/12	9.1	7.9	9.5	9.1	9.5	-0.5	7.6	7.1	3.7	-3.4	19.7	-1.8
2007/1	7.5	6.2	7.6	7.6	7.6	-1.8	6.1	5.1	3	-5.6	17.8	0.2
2007/2	8.7	8.2	9.8	8.8	8.6	-1.5	7.7	6.2	3.1	-4.8	18.2	-3.2
2007/3	10.1	9.6	11.3	10.3	10.8	0.9	9	7.3	4.5	-1.5	19.6	-7.7
2007/4	14.6	14	15.1	14.6	13.7	6.3	14	12	8.7	4.5	20.7	-10.4
2007/5	19.8	19.4	20.4	19.4	19.8	12.5	19	17.2	14.6	11.5	23.8	-12.3
2007/6	23.6	23.4	23.8	23	23.2	18.8	23.1	21.5	19	18.6	26.7	-12.7
2007/7	25.9	25.7	26.3	25.7	24.4	19.6	25.2	23.3	20.4	19.2	29.6	-16.3
2007/8	29.9	28.8	29.4	28.6	29	23.5	29.1	28.1	24.7	22	28.8	-16.1
2007/9	27.2	27	27	26.8	25.2	19.1	26.1	24.8	21.8	16.7	28.2	-19.4
2007/10	20	20	20.9	20.1	19	11.7	19.1	17.5	15.3	8.9	26.6	-10.8
2007/11	13.7	12.8	14.1	13.8	13.3	3.9	12.5	11.2	8.3	1.8	22.2	-4.5
2007/12	9.6	8.3	9.8	9.6	9	-0.6	8	7.5	3.6	-4.1	19.9	-1.5
2008/1	5.8	5.4	7.5	6	5.9	-4.3	5.1	3.8	0.4	-8.4	18.5	-1.8
2008/2	5.1	4.4	6.3	5.5	5.5	-3.4	4	2.4	0.8	-7.3	16.1	-4.2
2008/3	10.8	9.8	10.7	10.6	10.7	3.3	10.4	8.2	5.6	0.6	18.7	-8.1
2008/4	15.4	14.9	15	15.4	14.7	9.4	15.3	13	10	7.5	21.4	-9.1
2008/5	20	19.4	19.4	19.4	18.5	12.4	19.6	17.5	14	11.5	24.1	-15.3
2008/6	23.1	22.7	22.2	22.5	21.3	17	22.4	20.6	17.4	16.1	27.6	-20.6
2008/7	28.7	28.5	29	28	27	21.4	28.2	26.8	22	21	29.4	-14.7
2008/8	28.4	27.9	27.6	27.9	26.8	21.2	28.1	26.6	22.8	19.8	29	-22.1
2008/9	24.5	24.9	25	24.7	24.4	19.2	24.3	22.9	20.3	16.8	28.2	-15.2
2008/10	19.6	19.1	20.3	19.4	19.4	12.9	19	17.9	15.4	10	26.4	-17.5
2008/11	13.4	12	13.4	13.3	13.1	4.6	12.2	11.2	8.4	1	22.5	-7.4
2008/12	9.1	7.8	9.1	8.9	9.8	0.8	8	7.6	4.8	-1.7	18.7	-1.5
2009/1	6.5	5.2	6.4	6.4	6.8	-1.3	5.3	4	2.1	-5.2	16.7	-1.2
2009/2	7.9	7.8	9.8	8.4	7.8	-2.2	7.3	5.4	2.2	-5.4	19.9	-2.9
2009/3	9.7	9.7	11.7	10.2	10	1.5	9.5	7.3	4.5	-1	19.6	-6
2009/4	15.5	15.1	15.6	15.5	15.7	7.7	15.4	12.5	10.4	5.6	20.5	-12.6
2009/5	19.7	19.8	19.9	19.6	20.1	13.9	19.9	17.6	15.4	13.3	23.7	-14.7
2009/6	24	23.3	23.6	23.2	22.5	17.5	23.3	21.7	18.3	16.8	26.4	-11.6
2009/7	27.3	25.8	26.8	26.2	26.3	19.7	26.4	24.9	21.6	18.9	29.2	-16.3
2009/8	28	27.5	27.6	27.4	26.6	21.5	27.3	25.5	22.3	20.7	29.5	-20
2009/9	24.5	24.2	24.4	24.6	23	17.8	24.1	22.1	19.3	15.2	29	-16.7
2009/10	19.2	18.5	19.7	19.1	19	12.5	18.5	17.3	14.9	9.4	25.3	-13.5
2009/11	13.6	12.7	13.7	13.6	13.5	5.1	12.9	12.1	9.7	2.1	22.7	-6.5
2009/12	8.7	7.2	8.9	8.6	9	-0.7	7.6	6.7	3.9	-4.4	18.3	-1.6
2010/1	6.1	5.2	6.6	6.2	7	-2	4.6	4.4	1.8	-5.1	16.8	0.4
2010/2	7.8	7.6	9.4	7.8	6.5	-3.2	7	4.8	1.3	-6.2	18.3	-1.3
2010/3	9.6	9.1	10.9	9.9	9.1	-0.1	9.1	6.8	3.7	-2.6	19.9	-7
2010/4	13.6	13	13.8	13.6	12.4	5.5	13.3	10.7	7.1	3.7	21.2	-11.9
2010/5	18.8	18.5	19.2	18.7	19	12.2	18.7	16.5	13.6	11.3	23.8	-15.4
2010/6	23.9	23.3	23.5	23.4	23.6	19.2	23.9	21.9	19.5	19.5	26.7	-17.8
2010/7	27.9	27.2	27.7	26.8	28	22.1	27.8	26.5	24.2	22.1	28.7	-21.3
2010/8	30.5	30.3	30.3	29.4	29.6	24.8	29.4	29.3	25.6	23.3	28.9	-23.1
2010/9	26.7	26.2	26.3	26.3	25.1	20	26.1	24.5	21	17.3	28	-17.9
2010/10	19.9	19.2	20	20	18.9	12.2	19.4	18	15.5	9.9	25.7	-13.6
2010/11	13.2	12	13.2	13.2	13.5	5.9	12.1	11.3	9.2	2.9	21.4	-6.8
2010/12	9	7.3	8.8	8.6	9.9	0.6	7.9	7	4.8	-2.4	18.1	-2.1
2011/1	4.4	2.9	3.8	4.4	5.1	-3.8	2.8	1.5	-0.6	-7.8	14.9	0
2011/2	7.4	6.6	8.2	7.2	7	-1.1	6.6	4.5	2.2	-4.6	17.6	-4.3
2011/3	8.1	7.2	8.8	8.3	8.1	0.7	7.5	5.4	2.9	-2.1	17.1	-9.2
2011/4	13.8	13.4	14.7	13.9	14.5	6.9	13.3	11.5	8.4	5	20.4	-10.5
2011/5	19.6	19.5	19.8	19.3	18.5	11.1	19	17.4	14.2	10	23.9	-14.2
2011/6	24.2	23.6	23.9	23.3	22.8	17.3	23.8	22.7	19.3	16.9	27.9	-11.7
2011/7	27.8	27.6	27.9	26.9	27.3	21.8	27.5	27.2	23.4	21.6	28.9	-16.3
2011/8	28.9	28.2	28.5	28.3	27.5	23.6	28.3	27.5	24	22.4	28.3	-17.2
2011/9	25.2	24.9	25.2	25	25.1	19.2	25.1	23.8	21.3	17.4	27.9	-18.2
2011/10	19.5	18.5	19.7	19.5	19.5	12.1	18.8	17.5	14.9	9.3	25.2	-16.2
2011/11	15.2	14.7	16.3	15.5	14.9	6	13.9	13.3	9.6	3	23.7	-5.4
2011/12	8.1	6.9	8.5	8.4	7.5	-2	6.7	5.3	2.2	-5.4	18.6	-3.3
2012/1	5.6	4.7	6.3	5.6	4.8	-4.5	4.2	2.9	-0.7	-9.4	17	-1.4
2012/2	5.1	4.3	5.7	5.1	5.4	-4.4	4.1	2.6	-0.8	-8.1	17.5	-4
2012/3	9.1	8.7	10.7	9.5	8.8	0.1	8.3	7	3.5	-2.8	19.6	-8
2012/4	15.2	15	16.2	15	14.5	7	14.2	12.7	9	5.4	21.7	-13.6
2012/5	19.6	19.6	20.1	19.1	19.6	13	19.2	17.1	14.8	12.5	24.4	-14.9
2012/6	23	23.2	23.1	22.6	21.4	17.1	22.3	21.3	17.3	17	26.9	-17.7
2012/7	27.8	27.4	28	27.2	26.4	21.8	26.9	26.8	21.5	21.1	29.1	-19.3
2012/8	29.4	29.5	29.1	28.5	29.1	23.4	28.4	28.9	25	22.6	28.5	-17.5
2012/9	26	25.6	24.5	25.2	26.2	22.4	25.8	25.2	23.5	20.5	27.2	-23.2
2012/10	19.3	18.9	19.2	19.2	19.4	13	19	18.1	15.8	10.4	24.6	-12.1
2012/11	12.4	11.7	12.9	12.7	12.7	5.5	11.3	10.5	8.7	3.1	21	-4.6
2012/12	6.6	5.5	7.6	7	7.3	-2.3	5.3	4.7	2.1	-6	18.5	-0.7
2013/1	5.2	4.4	6.1	5.2	5.5	-4.7	4	3	-0.5	-9.3	17	0.8
2013/2	5.6	6	7.8	6.3	6.2	-4	4.6	3.1	0	-7.2	18.6	-2.3
2013/3	10.7	10.7	12.3	10.8	12.1	0	10.5	8.3	4.7	-2.1	20.4	-5.4
2013/4	14.3	13.5	14.7	14.2	15.2	6.3	13.8	11.4	9	4.1	20.6	-11
2013/5	19.8	19.7	20.3	19.4	19.8	11.3	19.4	17.2	13.1	10.6	23.7	-17.6
2013/6	24.3	24	23.7	23.6	22.9	17.6	23.6	22.9	18.2	18.1	27.9	-14.7
2013/7	28.5	28.3	30	27.7	27.3	22.5	28.1	27.2	21.3	22.8	29.4	-19.2
2013/8	30	29.5	30	29	29.2	23.1	29.3	28.2	24.3	21.9	29.6	-16.4
2013/9	25.1	24.6	25.2	24.4	25.2	18.8	24.9	23	21.2	16.5	28.3	-15.2
2013/10	20.8	19.9	20.7	20.3	19.8	12.9	20.2	18.9	15.9	10.2	25.3	-12.5
2013/11	12.9	11.9	13.4	13.1	13.5	6.3	11.5	10.9	8.6	3.3	21.3	-3.9
2013/12	7.8	6.5	8.1	7.6	8.3	0.8	6.4	6.3	3.5	-2.6	17.3	-1.1
2014/1	5.9	5.7	7.5	6.2	6.3	-4.1	4.6	3.9	0.8	-7.9	16.8	-1.2
2014/2	5.8	6.2	7.6	6.1	5.9	-3.5	5.3	3.5	0.5	-6.9	17.9	-2.7
2014/3	9.9	10	11.5	10.1	10.4	0.5	9.3	7.4	4.7	-2.2	18.4	-6.2
2014/4	14.8	14.3	15.6	14.2	15	7.3	14.6	12.4	9.5	4.6	20.9	-10.7
2014/5	19.8	19.6	20.5	19.4	20.3	14	19.5	18	15	13.1	23.6	-15.2
2014/6	23.9	23.2	22.6	23	23.4	18.7	24	22.7	19.9	19.2	26.9	-15.6
2014/7	27.8	26.9	27.1	26.9	26.8	22.5	27.4	26.1	22.6	21.9	29.3	-19.5
2014/8	27.8	26.9	26.5	26.5	27.7	22.4	27.1	26.5	23.4	21.3	28.7	-22.2
2014/9	24	23.9	24.2	23.9	23.2	18.1	23.4	22.5	19.5	15.5	28.8	-17.1
2014/10	19.5	18.7	19.7	19.3	19.1	11.3	18.9	17.2	14.5	8.3	25.4	-16.7
2014/11	14.2	13.4	14.7	14.1	14.2	6.1	13.2	12.3	9	3	22.6	-6.6
2014/12	6.8	5.5	7.6	6.7	6.7	-1.3	5.4	4.7	1.8	-4	17.6	-1.3
2015/1	6.1	5.8	7.9	6.6	5.8	-1.5	4.9	3.9	1.4	-5.1	16.6	-2.2
2015/2	6.9	6.1	7.6	7	5.7	-0.8	5.7	4.8	2.1	-4.1	16.8	-3.6
2015/3	10.2	10	11.1	9.9	10.3	3.8	9.7	7.7	5.9	1.7	19	-7.1
2015/4	15.9	15.8	16.2	15.6	14.5	8.7	15.2	13.3	10.6	7.2	22.2	-11.9
2015/5	21.5	20.5	20.7	20.8	21.1	14.2	21.3	19.5	16.3	13.2	24.9	-13.1
2015/6	22.9	22.5	22.6	22.4	22.1	16.7	22.3	21.7	18.9	16	28.7	-18.7
2015/7	27	26.5	26	25.9	26.2	21.3	26.5	26.1	23.4	20.9	29	-17.7
2015/8	28.6	27.5	27.4	27.6	26.7	22.4	28.1	27	23.5	20.9	28.7	-18.6
2015/9	23.2	23.1	23.2	23.2	22.6	18.4	23.1	21.5	19.8	16.4	27.8	-21.5
2015/10	19	18	18.9	18.9	18.4	10.8	18.4	17.1	14.3	8.2	25.5	-12.8
2015/11	15.2	14.6	16	15.3	13.9	5.4	14.3	13.4	9.6	2	23.8	-5.7
2015/12	10.1	9.3	10.3	10.5	9.3	0.8	9.3	8	4.6	-2.5	20.1	-1.7
2016/1	6.8	5.6	7	6.8	6.1	-3.5	5.8	5	1.7	-6.6	17.4	-0.8
2016/2	7.4	6.5	7.9	7.5	7.2	-2.3	6.5	4.9	2.6	-5.3	16.9	-2.8
2016/3	10.8	10.4	11.5	10.5	10.1	2.1	10.5	8.3	5.9	-0.6	18.7	-7.7
2016/4	16.6	16.2	16.8	16.5	15.4	7.8	15.9	14.1	10.6	5.8	23	-10
2016/5	21.2	20.3	20.8	20.5	20.2	14.9	20.6	19.4	15.6	14.4	25.7	-12.5
2016/6	23.3	23.3	23.6	23	22.4	16.3	22.9	22.4	19	15.6	28.4	-14.3
2016/7	28	27.7	28.3	27.3	25.4	20.7	27	26.2	22.2	20.7	29.8	-18.1
2016/8	29.5	29.3	29.3	29.1	27.1	23.9	28.6	27.5	24.6	22.9	29.5	-13.7
2016/9	25.8	25.1	25.1	25.1	24.4	19.4	25.2	23.8	21.4	17.5	28.4	-19.1
2016/10	20.3	20.2	21.3	20.5	18.7	10.6	19.7	18	14.6	7.7	27.7	-9.3
2016/11	13.4	13.1	14.5	14	11.4	2.1	12.6	11.4	7.4	-1.1	23.2	-4.7
2016/12	9.4	8.9	10.5	9.8	8.9	-1	8.1	7.9	4.6	-4.2	20.5	-0.7
2017/1	6.2	5.5	7.4	6.6	5.8	-3.9	4.8	4.5	1.6	-7.9	18.4	-0.8
2017/2	6.3	6.1	8.3	6.8	6.9	-2	5.2	4.4	2.2	-5.1	17.1	-2.9
2017/3	9.2	8.8	10.5	9.2	8.5	1.4	8.4	7.2	4.4	-1.2	18.3	-5.3
2017/4	15.7	15.6	16.5	15.5	14.7	7.7	14.7	13.6	10.2	6.1	21.6	-9.3
2017/5	21.1	20.6	21	20.4	20	14.4	20.5	18.9	15.4	13.8	24.2	-10.1
2017/6	22.7	22.5	23.1	22.5	22	16	22.4	20.3	17.4	15.3	26.6	-18.6
2017/7	28.8	28.4	29.4	27.9	27.3	22.9	28.1	27.2	23.6	22.6	29.9	-15.5
2017/8	29.2	29	29.5	28.9	26.4	21.7	28.1	27.3	22.4	20.3	30.4	-22.5
2017/9	24.4	23.4	24.3	24.1	22.8	17.7	23.6	22.4	19.9	15.4	28.9	-17.3
2017/10	18.4	18.4	19.8	18.6	16.8	11.3	17.9	17.1	14.1	8.3	27	-12.4
2017/11	12.6	11.9	13.6	12.4	11.9	4.3	11.5	10.9	8.2	2.1	22.8	-5.2
2017/12	7	5.8	7.4	6.9	6.6	-2	5.7	5.6	2.5	-4.7	18	-0.9